Contratante;"
Licitação Nº";Licitante Nº;Vencedor;Valor(R$)
ORG01;LCT01;1;1;893.690.877,00
;;2;;
;;3;;
;;4;;
ORG02;LCT02;;;893.490.877,00
ORG03;LCT03;1;3;890.623.527,00
;;2;;
;;3;;
;;4;;
ORG04;LCT04;;4;890.323.527,00
ORG05;LCT05;;5;814.807.995,00
ORG06;LCT06;;6;785.272.250,00
ORG07;LCT07;1;1;752.409.974,07
;;2;;
;;3;;
;;4;;
ORG08;LCT08;;8;616.269.000,00
ORG09;LCT09;1;3;586.750.192,00
;;2;;
;;3;;
;;4;;
ORG10;LCT10;;10;574.992.920,00
ORG11;LCT11;;11;556.866.000,00
ORG12;LCT12;1;1;540.874.628,00
;;2;;
;;3;;
;;4;;
ORG13;LCT13;;13;502.988.116,10
ORG14;LCT14;;14;502.988.116,10
ORG15;LCT15;;15;498.644.516,70
ORG16;LCT16;;16;498.644.516,70
ORG17;LCT17;;17;498.644.516,70
ORG18;LCT18;;18;466.356.297,00
ORG19;LCT19;;19;466.356.297,00
ORG20;LCT20;;20;459.801.987,12
ORG21;LCT21;;21;459.801.987,12
ORG22;LCT22;1;1;435.401.587,36
;;2;;
;;3;;
;;4;;
ORG23;LCT23;;23;423.601.574,04
ORG24;LCT24;;24;423.601.574,04
ORG25;LCT25;;25;415.295.284,00
ORG26;LCT26;;26;415.295.284,00
ORG27;LCT27;710;710;401.072.673,24
;;710;710;401.072.673,24
;;710;710;401.072.673,24
;;710;710;401.072.673,24
ORG28;LCT28;;31;400.841.299,55
ORG29;LCT29;;32;396.048.917,49
ORG30;LCT30;;33;393.424.000,00
ORG31;LCT31;945;945;367.926.444,36
;;945;945;367.926.444,36
;;945;945;367.926.444,36
;;945;945;367.926.444,36
ORG32;LCT32;860;860;363.607.194,29
ORG33;LCT33;220;220;363.607.194,29
ORG34;LCT34;162;162;338.500.702,80
ORG35;LCT35;415;415;337.023.732,60
ORG36;LCT36;851;851;337.023.732,60
ORG37;LCT37;435;435;337.023.732,60
ORG38;LCT38;982;982;290.267.057,70
ORG39;LCT39;440;440;281.596.542,00
ORG40;LCT40;631;631;281.596.542,00
ORG41;LCT41;110;110;266.752.493,00
ORG42;LCT42;243;243;258.168.121,00
ORG43;LCT43;60;60;258.168.121,00
ORG44;LCT44;295;295;241.918.618,35
ORG45;LCT45;470;470;241.918.618,35
ORG46;LCT46;813;813;223.438.021,11
ORG47;LCT47;563;563;218.963.011,64
ORG48;LCT48;512;512;218.963.011,64
ORG49;LCT49;232;232;218.005.518,00
ORG50;LCT50;81;81;218.005.518,00
ORG51;LCT51;401;401;210.036.101,00
ORG52;LCT52;389;389;210.000.000,00
ORG53;LCT53;702;702;209.431.157,58
ORG54;LCT54;158;158;209.431.157,58
ORG55;LCT55;106;106;199.795.374,00
ORG56;LCT56;39;39;199.795.374,00
ORG57;LCT57;426;426;198.911.424,16
ORG58;LCT58;342;342;198.911.424,16
ORG59;LCT59;967;967;189.177.000,00
ORG60;LCT60;475;475;182.248.148,18
ORG61;LCT61;932;932;182.248.148,18
ORG62;LCT62;800;800;182.248.148,18
ORG63;LCT63;344;344;175.140.368,70
ORG64;LCT64;498;498;171.074.751,00
ORG65;LCT65;697;697;169.984.742,27
ORG66;LCT66;872;872;168.995.334,72
ORG67;LCT67;762;762;168.467.039,00
ORG68;LCT68;767;767;166.983.382,70
ORG69;LCT69;913;913;164.383.313,87
ORG70;LCT70;580;580;164.383.313,87
ORG71;LCT71;861;861;164.383.313,87
ORG72;LCT72;947;947;161.332.454,50
ORG73;LCT73;129;129;160.279.918,12
ORG74;LCT74;711;711;159.864.170,39
ORG75;LCT75;644;644;159.864.170,39
ORG76;LCT76;446;446;159.864.170,39
ORG77;LCT77;263;263;155.753.300,57
ORG78;LCT78;802;802;151.640.648,00
ORG79;LCT79;255;255;151.077.996,00
ORG80;LCT80;203;203;145.658.989,04
ORG81;LCT81;709;709;145.658.989,04
ORG82;LCT82;405;405;145.658.989,04
ORG83;LCT83;882;882;145.094.937,00
ORG84;LCT84;114;114;144.697.862,00
ORG85;LCT85;51;51;144.362.573,36
ORG86;LCT86;973;973;143.427.750,00
ORG87;LCT87;465;465;142.022.702,00
ORG88;LCT88;500;500;141.713.641,00
ORG89;LCT89;81;81;141.713.641,00
ORG90;LCT90;721;721;139.118.110,98
ORG91;LCT91;888;888;138.009.750,48
ORG92;LCT92;645;645;136.616.457,20
ORG93;LCT93;219;219;131.292.322,00
ORG94;LCT94;921;921;131.242.028,46
ORG95;LCT95;416;416;130.930.419,14
ORG96;LCT96;429;429;130.930.419,14
ORG97;LCT97;814;814;130.930.419,14
ORG98;LCT98;857;857;122.668.041,33
ORG99;LCT99;343;343;122.132.025,18
ORG100;LCT100;682;682;122.132.025,18
ORG101;LCT101;85;85;120.529.042,00
ORG102;LCT102;167;167;119.436.083,91
ORG103;LCT103;248;248;117.093.083,00
ORG104;LCT104;963;963;116.497.921,00
ORG105;LCT105;433;433;115.965.692,00
ORG106;LCT106;694;694;115.965.692,00
ORG107;LCT107;203;203;114.474.170,00
ORG108;LCT108;276;276;114.198.040,00
ORG109;LCT109;568;568;113.520.945,12
ORG110;LCT110;941;941;112.050.840,11
ORG111;LCT111;468;468;106.741.292,00
ORG112;LCT112;362;362;105.064.269,00
ORG113;LCT113;126;126;103.796.493,59
ORG114;LCT114;899;899;101.989.503,16
ORG115;LCT115;683;683;101.077.960,00
ORG116;LCT116;646;646;100.000.000,00
ORG117;LCT117;181;181;100.000.000,00
ORG118;LCT118;205;205;98.601.461,80
ORG119;LCT119;711;711;96.218.816,25
ORG120;LCT120;262;262;91.441.741,61
ORG121;LCT121;644;644;89.919.332,92
ORG122;LCT122;821;821;89.919.332,92
ORG123;LCT123;944;944;88.595.077,00
ORG124;LCT124;773;773;85.000.366,28
ORG125;LCT125;834;834;83.144.428,00
ORG126;LCT126;926;926;81.864.460,86
ORG127;LCT127;176;176;81.864.460,86
ORG128;LCT128;103;103;81.000.000,00
ORG129;LCT129;711;711;81.000.000,00
ORG130;LCT130;485;485;80.856.000,00
ORG131;LCT131;398;398;80.856.000,00
ORG132;LCT132;128;128;79.937.014,00
ORG133;LCT133;780;780;79.934.920,45
ORG134;LCT134;476;476;77.864.798,00
ORG135;LCT135;663;663;76.046.808,50
ORG136;LCT136;920;920;72.476.676,00
ORG137;LCT137;165;165;71.620.023,00
ORG138;LCT138;552;552;71.620.023,00
ORG139;LCT139;901;901;70.109.108,00
ORG140;LCT140;443;443;70.109.108,00
ORG141;LCT141;226;226;70.037.074,00
ORG142;LCT142;881;881;69.007.954,00
ORG143;LCT143;182;182;66.750.603,15
ORG144;LCT144;51;51;63.787.707,62
ORG145;LCT145;810;810;63.614.283,72
ORG146;LCT146;660;660;62.107.839,63
ORG147;LCT147;871;871;61.430.950,00
ORG148;LCT148;265;265;61.423.559,00
ORG149;LCT149;624;624;61.313.582,93
ORG150;LCT150;674;674;61.190.410,00
ORG151;LCT151;793;793;60.810.195,30
ORG152;LCT152;50;50;60.792.457,00
ORG153;LCT153;852;852;60.184.202,50
ORG154;LCT154;323;323;58.699.504,35
ORG155;LCT155;555;555;57.928.508,91
ORG156;LCT156;212;212;57.679.913,19
ORG157;LCT157;935;935;55.024.316,62
ORG158;LCT158;246;246;54.951.503,02
ORG159;LCT159;971;971;54.647.715,60
ORG160;LCT160;168;168;54.024.540,72
ORG161;LCT161;655;655;53.546.676,54
ORG162;LCT162;330;330;53.546.676,54
ORG163;LCT163;372;372;53.546.676,54
ORG164;LCT164;870;870;53.546.676,54
ORG165;LCT165;745;745;53.200.000,00
ORG166;LCT166;783;783;52.189.540,00
ORG167;LCT167;344;344;52.131.750,45
ORG168;LCT168;897;897;52.131.750,45
ORG169;LCT169;788;788;52.131.750,45
ORG170;LCT170;948;948;52.131.750,45
ORG171;LCT171;243;243;52.017.029,04
ORG172;LCT172;600;600;51.378.633,00
ORG173;LCT173;184;184;51.302.970,00
ORG174;LCT174;609;609;50.636.337,60
ORG175;LCT175;153;153;50.389.489,62
ORG176;LCT176;594;594;50.158.552,56
ORG177;LCT177;900;900;49.978.595,37
ORG178;LCT178;931;931;49.978.595,37
ORG179;LCT179;280;280;49.978.595,37
ORG180;LCT180;885;885;49.978.595,37
ORG181;LCT181;485;485;49.978.595,37
ORG182;LCT182;650;650;49.962.676,70
ORG183;LCT183;550;550;49.962.676,70
ORG184;LCT184;534;534;49.652.113,97
ORG185;LCT185;224;224;49.588.761,60
ORG186;LCT186;101;101;49.553.534,69
ORG187;LCT187;591;591;49.436.994,72
ORG188;LCT188;586;586;48.700.343,42
ORG189;LCT189;716;716;48.461.176,81
ORG190;LCT190;138;138;48.461.176,81
ORG191;LCT191;696;696;48.251.202,00
ORG192;LCT192;72;72;47.985.931,00
ORG193;LCT193;91;91;47.078.455,52
ORG194;LCT194;673;673;46.929.946,20
ORG195;LCT195;644;644;46.631.257,66
ORG196;LCT196;923;923;46.336.114,86
ORG197;LCT197;87;87;45.930.281,52
ORG198;LCT198;780;780;44.676.522,12
ORG199;LCT199;38;38;44.676.522,12
ORG200;LCT200;495;495;44.676.522,12
ORG201;LCT201;828;828;44.676.522,12
ORG202;LCT202;955;955;44.404.618,73
ORG203;LCT203;595;595;44.395.139,04
ORG204;LCT204;176;176;44.395.139,04
ORG205;LCT205;807;807;44.393.139,04
ORG206;LCT206;663;663;44.393.139,04
ORG207;LCT207;77;77;43.497.127,29
ORG208;LCT208;954;954;43.466.760,00
ORG209;LCT209;665;665;43.440.960,74
ORG210;LCT210;374;374;42.819.103,08
ORG211;LCT211;754;754;41.954.457,00
ORG212;LCT212;339;339;41.858.904,00
ORG213;LCT213;442;442;41.852.503,38
ORG214;LCT214;150;150;41.831.759,10
ORG215;LCT215;197;197;41.683.107,61
ORG216;LCT216;186;186;41.683.107,61
ORG217;LCT217;651;651;41.683.107,61
ORG218;LCT218;961;961;41.638.107,61
ORG219;LCT219;238;238;41.088.028,00
ORG220;LCT220;474;474;41.059.876,30
ORG221;LCT221;968;968;40.440.519,41
ORG222;LCT222;583;583;40.059.876,30
ORG223;LCT223;105;105;40.059.876,30
ORG224;LCT224;812;812;39.702.961,91
ORG225;LCT225;996;996;39.020.583,20
ORG226;LCT226;976;976;39.008.933,00
ORG227;LCT227;851;851;38.941.403,44
ORG228;LCT228;364;364;38.800.683,42
ORG229;LCT229;252;252;38.336.557,69
ORG230;LCT230;250;250;38.336.557,69
ORG231;LCT231;92;92;38.336.557,69
ORG232;LCT232;298;298;38.336.557,69
ORG233;LCT233;101;101;38.336.557,69
ORG234;LCT234;138;138;38.262.565,21
ORG235;LCT235;651;651;38.262.556,21
ORG236;LCT236;502;502;38.262.556,21
ORG237;LCT237;33;33;38.262.556,21
ORG238;LCT238;788;788;38.262.556,21
ORG239;LCT239;62;62;38.262.556,21
ORG240;LCT240;235;235;38.006.370,57
ORG241;LCT241;928;928;37.405.062,82
ORG242;LCT242;831;831;37.405.062,82
ORG243;LCT243;105;105;37.405.062,82
ORG244;LCT244;766;766;37.405.062,82
ORG245;LCT245;123;123;37.303.200,00
ORG246;LCT246;623;623;37.302.796,28
ORG247;LCT247;137;137;36.656.966,28
ORG248;LCT248;946;946;36.235.232,16
ORG249;LCT249;609;609;35.614.978,59
ORG250;LCT250;823;823;35.614.978,59
ORG251;LCT251;824;824;35.537.729,27
ORG252;LCT252;262;262;35.319.863,00
ORG253;LCT253;181;181;34.796.976,61
ORG254;LCT254;33;33;34.757.462,50
ORG255;LCT255;470;470;34.661.295,87
ORG256;LCT256;37;37;34.656.592,65
ORG257;LCT257;157;157;34.426.893,20
ORG258;LCT258;146;146;34.198.388,66
ORG259;LCT259;890;890;34.192.582,00
ORG260;LCT260;253;253;33.911.455,95
ORG261;LCT261;936;936;32.891.922,84
ORG262;LCT262;211;211;32.561.711,48
ORG263;LCT263;356;356;32.139.716,43
ORG264;LCT264;376;376;32.106.198,90
ORG265;LCT265;36;36;31.876.595,76
ORG266;LCT266;305;305;31.362.882,00
ORG267;LCT267;517;517;31.217.161,69
ORG268;LCT268;373;373;31.173.552,34
ORG269;LCT269;49;49;30.377.001,60
ORG270;LCT270;336;336;30.334.515,54
ORG271;LCT271;287;287;30.215.183,19
ORG272;LCT272;642;642;29.863.408,50
ORG273;LCT273;156;156;29.750.436,14
ORG274;LCT274;707;707;29.612.400,00
ORG275;LCT275;790;790;29.610.064,56
ORG276;LCT276;725;725;29.003.793,55
ORG277;LCT277;666;666;28.998.701,35
ORG278;LCT278;377;377;28.998.701,35
ORG279;LCT279;64;64;28.967.651,37
ORG280;LCT280;751;751;28.832.971,20
ORG281;LCT281;509;509;28.816.812,85
ORG282;LCT282;823;823;28.787.700,00
ORG283;LCT283;56;56;28.750.000,00
ORG284;LCT284;104;104;28.750.000,00
ORG285;LCT285;113;113;28.750.000,00
ORG286;LCT286;261;261;28.329.613,19
ORG287;LCT287;823;823;28.247.968,80
ORG288;LCT288;698;698;28.099.691,02
ORG289;LCT289;349;349;27.696.638,00
ORG290;LCT290;956;956;27.430.859,53
ORG291;LCT291;82;82;27.346.409,52
ORG292;LCT292;846;846;27.346.409,52
ORG293;LCT293;683;683;27.276.359,87
ORG294;LCT294;783;783;27.261.900,00
ORG295;LCT295;189;189;27.173.950,00
ORG296;LCT296;390;390;27.128.556,64
ORG297;LCT297;399;399;26.229.038,42
ORG298;LCT298;420;420;25.782.311,98
ORG299;LCT299;129;129;25.737.792,17
ORG300;LCT300;725;725;25.570.395,72
ORG301;LCT301;771;771;25.570.395,72
ORG302;LCT302;105;105;24.996.519,14
ORG303;LCT303;495;495;24.756.371,87
ORG304;LCT304;168;168;24.739.204,46
ORG305;LCT305;726;726;24.376.600,00
ORG306;LCT306;869;869;24.128.951,40
ORG307;LCT307;322;322;24.066.751,56
ORG308;LCT308;374;374;24.028.046,28
ORG309;LCT309;341;341;23.999.961,01
ORG310;LCT310;696;696;23.525.434,86
ORG311;LCT311;918;918;23.498.921,16
ORG312;LCT312;967;967;23.314.479,44
ORG313;LCT313;92;92;23.222.170,74
ORG314;LCT314;794;794;23.167.025,36
ORG315;LCT315;339;339;23.038.424,88
ORG316;LCT316;335;335;22.892.898,86
ORG317;LCT317;785;785;22.892.898,86
ORG318;LCT318;595;595;22.785.162,02
ORG319;LCT319;449;449;22.661.273,10
ORG320;LCT320;405;405;22.078.234,08
ORG321;LCT321;806;806;22.011.930,28
ORG322;LCT322;294;294;21.840.192,00
ORG323;LCT323;35;35;21.366.975,40
ORG324;LCT324;45;45;21.359.329,08
ORG325;LCT325;206;206;21.301.066,44
ORG326;LCT326;742;742;21.139.095,60
ORG327;LCT327;78;78;20.990.427,00
ORG328;LCT328;969;969;20.567.659,92
ORG329;LCT329;781;781;20.424.382,10
ORG330;LCT330;916;916;20.411.414,83
ORG331;LCT331;337;337;20.404.542,00
ORG332;LCT332;527;527;20.167.398,00
ORG333;LCT333;788;788;20.045.243,00
ORG334;LCT334;619;619;20.013.169,08
ORG335;LCT335;442;442;19.995.000,00
ORG336;LCT336;256;256;19.972.470,00
ORG337;LCT337;474;474;19.938.228,07
ORG338;LCT338;100;100;19.741.600,00
ORG339;LCT339;725;725;19.516.985,46
ORG340;LCT340;177;177;19.490.297,73
ORG341;LCT341;368;368;19.240.001,28
ORG342;LCT342;846;846;19.108.930,80
ORG343;LCT343;374;374;19.054.276,73
ORG344;LCT344;955;955;18.960.000,00
ORG345;LCT345;932;932;18.960.000,00
ORG346;LCT346;978;978;18.712.228,48
ORG347;LCT347;39;39;18.638.895,32
ORG348;LCT348;996;996;18.386.684,50
ORG349;LCT349;410;410;18.371.466,10
ORG350;LCT350;249;249;18.371.466,10
ORG351;LCT351;321;321;18.200.507,18
ORG352;LCT352;542;542;18.200.507,18
ORG353;LCT353;850;850;18.200.507,18
ORG354;LCT354;120;120;18.200.507,18
ORG355;LCT355;928;928;18.200.507,18
ORG356;LCT356;240;240;17.975.380,40
ORG357;LCT357;750;750;17.971.329,46
ORG358;LCT358;585;585;17.949.360,72
ORG359;LCT359;640;640;17.938.840,80
ORG360;LCT360;109;109;17.789.975,01
ORG361;LCT361;499;499;17.763.250,44
ORG362;LCT362;91;91;17.740.028,28
ORG363;LCT363;774;774;17.699.774,40
ORG364;LCT364;392;392;17.646.102,25
ORG365;LCT365;354;354;17.592.294,00
ORG366;LCT366;579;579;17.591.064,06
ORG367;LCT367;157;157;17.563.014,00
ORG368;LCT368;83;83;17.509.440,00
ORG369;LCT369;885;885;17.501.518,00
ORG370;LCT370;490;490;17.363.074,80
ORG371;LCT371;730;730;17.351.946,00
ORG372;LCT372;795;795;17.335.200,00
ORG373;LCT373;675;675;17.049.887,23
ORG374;LCT374;193;193;16.959.966,30
ORG375;LCT375;592;592;16.892.563,54
ORG376;LCT376;148;148;16.875.600,00
ORG377;LCT377;125;125;16.859.758,20
ORG378;LCT378;939;939;16.676.849,76
ORG379;LCT379;667;667;16.645.809,66
ORG380;LCT380;278;278;16.576.495,20
ORG381;LCT381;128;128;16.498.513,00
ORG382;LCT382;968;968;16.460.083,90
ORG383;LCT383;526;526;16.438.033,80
ORG384;LCT384;995;995;16.412.509,50
ORG385;LCT385;435;435;16.410.438,82
ORG386;LCT386;726;726;16.391.825,63
ORG387;LCT387;835;835;16.380.000,00
ORG388;LCT388;917;917;16.359.367,40
ORG389;LCT389;938;938;16.259.979,24
ORG390;LCT390;209;209;16.259.979,24
ORG391;LCT391;197;197;16.215.360,00
ORG392;LCT392;984;984;16.125.914,61
ORG393;LCT393;97;97;16.100.000,00
ORG394;LCT394;967;967;16.091.595,26
ORG395;LCT395;222;222;16.011.685,38
ORG396;LCT396;676;676;15.950.582,46
ORG397;LCT397;827;827;15.932.781,07
ORG398;LCT398;299;299;15.867.600,00
ORG399;LCT399;74;74;15.647.369,12
ORG400;LCT400;876;876;15.602.135,04
ORG401;LCT401;464;464;15.490.791,24
ORG402;LCT402;43;43;15.421.895,40
ORG403;LCT403;265;265;15.259.659,05
ORG404;LCT404;203;203;15.259.659,05
ORG405;LCT405;290;290;15.259.659,05
ORG406;LCT406;593;593;15.240.152,88
ORG407;LCT407;216;216;15.201.288,00
ORG408;LCT408;622;622;15.187.037,76
ORG409;LCT409;568;568;15.113.849,04
ORG410;LCT410;890;890;15.102.403,24
ORG411;LCT411;127;127;15.102.403,24
ORG412;LCT412;697;697;15.102.403,24
ORG413;LCT413;673;673;15.084.979,20
ORG414;LCT414;743;743;15.043.934,20
ORG415;LCT415;835;835;15.004.952,15
ORG416;LCT416;558;558;14.989.362,36
ORG417;LCT417;65;65;14.987.330,00
ORG418;LCT418;227;227;14.963.560,53
ORG419;LCT419;845;845;14.955.072,00
ORG420;LCT420;886;886;14.931.769,91
ORG421;LCT421;44;44;14.921.123,55
ORG422;LCT422;934;934;14.879.229,82
ORG423;LCT423;444;444;14.855.166,72
ORG424;LCT424;191;191;14.834.457,60
ORG425;LCT425;205;205;14.783.984,99
ORG426;LCT426;754;754;14.716.791,48
ORG427;LCT427;206;206;14.512.026,00
ORG428;LCT428;614;614;14.492.641,80
ORG429;LCT429;817;817;14.491.604,28
ORG430;LCT430;322;322;14.399.183,70
ORG431;LCT431;834;834;14.385.887,52
ORG432;LCT432;631;631;14.374.584,57
ORG433;LCT433;219;219;14.369.995,75
ORG434;LCT434;992;992;14.355.713,71
ORG435;LCT435;173;173;14.355.713,71
ORG436;LCT436;846;846;14.291.335,13
ORG437;LCT437;547;547;14.265.326,28
ORG438;LCT438;86;86;14.209.798,26
ORG439;LCT439;342;342;14.114.327,52
ORG440;LCT440;396;396;14.103.251,46
ORG441;LCT441;786;786;14.064.206,52
ORG442;LCT442;468;468;14.046.266,73
ORG443;LCT443;213;213;14.046.266,73
ORG444;LCT444;237;237;14.046.266,73
ORG445;LCT445;255;255;14.041.500,00
ORG446;LCT446;292;292;14.004.329,14
ORG447;LCT447;229;229;14.000.000,00
ORG448;LCT448;514;514;13.949.274,50
ORG449;LCT449;211;211;13.870.114,28
ORG450;LCT450;674;674;13.798.789,92
ORG451;LCT451;831;831;13.798.775,48
ORG452;LCT452;551;551;13.767.984,28
ORG453;LCT453;103;103;13.692.032,29
ORG454;LCT454;548;548;13.673.998,17
ORG455;LCT455;823;823;13.641.300,00
ORG456;LCT456;831;831;13.597.086,86
ORG457;LCT457;77;77;13.574.665,79
ORG458;LCT458;674;674;13.565.878,92
ORG459;LCT459;901;901;13.534.816,91
ORG460;LCT460;541;541;13.414.730,70
ORG461;LCT461;824;824;13.411.700,20
ORG462;LCT462;644;644;13.403.464,05
ORG463;LCT463;879;879;13.363.117,28
ORG464;LCT464;138;138;13.335.282,60
ORG465;LCT465;716;716;13.273.069,11
ORG466;LCT466;437;437;13.243.505,42
ORG467;LCT467;772;772;13.223.544,17
ORG468;LCT468;534;534;13.205.374,84
ORG469;LCT469;838;838;13.155.282,60
ORG470;LCT470;250;250;13.140.000,00
ORG471;LCT471;299;299;13.100.754,36
ORG472;LCT472;607;607;13.011.901,50
ORG473;LCT473;425;425;12.981.701,85
ORG474;LCT474;263;263;12.972.236,70
ORG475;LCT475;706;706;12.801.849,36
ORG476;LCT476;237;237;12.784.169,13
ORG477;LCT477;696;696;12.767.240,10
ORG478;LCT478;875;875;12.766.189,20
ORG479;LCT479;952;952;12.739.949,00
ORG480;LCT480;614;614;12.689.357,12
ORG481;LCT481;54;54;12.662.762,67
ORG482;LCT482;540;540;12.657.844,44
ORG483;LCT483;215;215;12.557.444,62
ORG484;LCT484;963;963;12.531.280,23
ORG485;LCT485;949;949;12.520.384,44
ORG486;LCT486;193;193;12.480.000,00
ORG487;LCT487;799;799;12.442.172,64
ORG488;LCT488;69;69;12.433.246,80
ORG489;LCT489;509;509;12.428.250,80
ORG490;LCT490;932;932;12.349.196,82
ORG491;LCT491;573;573;12.243.231,20
ORG492;LCT492;660;660;12.239.441,16
ORG493;LCT493;148;148;12.229.681,66
ORG494;LCT494;566;566;12.174.104,01
ORG495;LCT495;544;544;12.151.116,26
ORG496;LCT496;823;823;12.086.882,82
ORG497;LCT497;885;885;12.080.787,88
ORG498;LCT498;706;706;12.078.661,98
ORG499;LCT499;927;927;12.069.993,00
ORG500;LCT500;369;369;12.066.908,16
ORG501;LCT501;574;574;12.063.973,58
ORG502;LCT502;703;703;12.042.531,04
ORG503;LCT503;707;707;12.037.257,08
ORG504;LCT504;593;593;12.011.588,34
ORG505;LCT505;220;220;11.969.409,60
ORG506;LCT506;557;557;11.940.755,41
ORG507;LCT507;166;166;11.904.706,69
ORG508;LCT508;514;514;11.876.714,65
ORG509;LCT509;580;580;11.871.765,00
ORG510;LCT510;358;358;11.868.766,60
ORG511;LCT511;840;840;11.868.766,60
ORG512;LCT512;691;691;11.865.281,67
ORG513;LCT513;54;54;11.848.723,42
ORG514;LCT514;482;482;11.823.192,49
ORG515;LCT515;713;713;11.773.767,90
ORG516;LCT516;951;951;11.773.278,48
ORG517;LCT517;642;642;11.758.293,72
ORG518;LCT518;507;507;11.688.449,65
ORG519;LCT519;837;837;11.664.120,00
ORG520;LCT520;289;289;11.638.800,00
ORG521;LCT521;904;904;11.626.181,16
ORG522;LCT522;924;924;11.605.860,54
ORG523;LCT523;555;555;11.587.406,94
ORG524;LCT524;847;847;11.524.148,28
ORG525;LCT525;791;791;11.453.962,77
ORG526;LCT526;116;116;11.391.934,79
ORG527;LCT527;143;143;11.378.768,20
ORG528;LCT528;402;402;11.372.216,53
ORG529;LCT529;394;394;11.369.428,65
ORG530;LCT530;342;342;11.368.278,26
ORG531;LCT531;727;727;11.367.452,25
ORG532;LCT532;844;844;11.367.452,25
ORG533;LCT533;801;801;11.340.619,95
ORG534;LCT534;190;190;11.339.517,62
ORG535;LCT535;56;56;11.338.551,90
ORG536;LCT536;844;844;11.336.713,15
ORG537;LCT537;373;373;11.332.424,94
ORG538;LCT538;691;691;11.328.707,50
ORG539;LCT539;282;282;11.322.612,06
ORG540;LCT540;809;809;11.306.965,53
ORG541;LCT541;656;656;11.271.889,67
ORG542;LCT542;823;823;11.244.550,53
ORG543;LCT543;462;462;11.227.846,26
ORG544;LCT544;347;347;11.162.199,89
ORG545;LCT545;825;825;11.148.882,72
ORG546;LCT546;163;163;11.136.782,71
ORG547;LCT547;901;901;11.124.000,00
ORG548;LCT548;781;781;11.117.743,65
ORG549;LCT549;440;440;11.103.840,00
ORG550;LCT550;463;463;11.049.357,06
ORG551;LCT551;151;151;11.046.932,05
ORG552;LCT552;408;408;11.000.000,00
ORG553;LCT553;50;50;11.000.000,00
ORG554;LCT554;782;782;10.995.828,04
ORG555;LCT555;965;965;10.988.000,00
ORG556;LCT556;192;192;10.984.130,25
ORG557;LCT557;887;887;10.964.581,09
ORG558;LCT558;140;140;10.931.209,36
ORG559;LCT559;166;166;10.931.209,36
ORG560;LCT560;370;370;10.931.209,36
ORG561;LCT561;54;54;10.926.078,60
ORG562;LCT562;112;112;10.909.360,70
ORG563;LCT563;554;554;10.909.360,70
ORG564;LCT564;409;409;10.901.907,40
ORG565;LCT565;740;740;10.898.636,60
ORG566;LCT566;578;578;10.885.724,04
ORG567;LCT567;911;911;10.873.684,80
ORG568;LCT568;461;461;10.860.887,28
ORG569;LCT569;379;379;10.836.735,27
ORG570;LCT570;999;999;10.828.652,90
ORG571;LCT571;118;118;10.800.000,00
ORG572;LCT572;769;769;10.799.734,70
ORG573;LCT573;428;428;10.796.754,13
ORG574;LCT574;420;420;10.791.710,84
ORG575;LCT575;887;887;10.790.773,50
ORG576;LCT576;385;385;10.776.402,77
ORG577;LCT577;835;835;10.770.295,25
ORG578;LCT578;181;181;10.770.295,25
ORG579;LCT579;781;781;10.769.632,20
ORG580;LCT580;187;187;10.769.299,50
ORG581;LCT581;339;339;10.745.146,14
ORG582;LCT582;425;425;10.724.043,20
ORG583;LCT583;405;405;10.648.183,50
ORG584;LCT584;903;903;10.635.398,16
ORG585;LCT585;329;329;10.617.613,38
ORG586;LCT586;649;649;10.511.269,60
ORG587;LCT587;403;403;10.498.431,58
ORG588;LCT588;989;989;10.496.001,35
ORG589;LCT589;869;869;10.469.725,94
ORG590;LCT590;976;976;10.466.247,83
ORG591;LCT591;769;769;10.437.546,60
ORG592;LCT592;389;389;10.349.337,01
ORG593;LCT593;959;959;10.347.396,29
ORG594;LCT594;670;670;10.341.472,86
ORG595;LCT595;512;512;10.336.108,34
ORG596;LCT596;326;326;10.318.441,92
ORG597;LCT597;982;982;10.309.947,74
ORG598;LCT598;627;627;10.306.417,87
ORG599;LCT599;239;239;10.300.808,64
ORG600;LCT600;412;412;10.291.132,62
ORG601;LCT601;132;132;10.281.674,83
ORG602;LCT602;520;520;10.277.480,38
ORG603;LCT603;446;446;10.267.626,40
ORG604;LCT604;832;832;10.266.057,63
ORG605;LCT605;637;637;10.255.588,20
ORG606;LCT606;33;33;10.251.184,29
ORG607;LCT607;484;484;10.229.136,60
ORG608;LCT608;635;635;10.213.100,10
ORG609;LCT609;865;865;10.180.936,80
ORG610;LCT610;862;862;10.169.527,60
ORG611;LCT611;760;760;10.144.054,10
ORG612;LCT612;893;893;10.098.252,48
ORG613;LCT613;813;813;10.094.416,50
ORG614;LCT614;883;883;10.083.777,96
ORG615;LCT615;188;188;10.074.729,60
ORG616;LCT616;620;620;10.072.464,44
ORG617;LCT617;407;407;10.049.786,07
ORG618;LCT618;205;205;10.013.219,10
ORG619;LCT619;877;877;10.007.378,66
ORG620;LCT620;116;116;9.998.818,67
ORG621;LCT621;341;341;9.995.335,79
ORG622;LCT622;351;351;9.994.255,23
ORG623;LCT623;388;388;9.988.425,00
ORG624;LCT624;782;782;9.983.996,10
ORG625;LCT625;935;935;9.982.800,00
ORG626;LCT626;177;177;9.976.613,40
ORG627;LCT627;307;307;9.961.188,30
ORG628;LCT628;610;610;9.930.864,70
ORG629;LCT629;448;448;9.930.683,10
ORG630;LCT630;904;904;9.924.051,00
ORG631;LCT631;910;910;9.906.551,20
ORG632;LCT632;355;355;9.894.774,85
ORG633;LCT633;494;494;9.891.382,18
ORG634;LCT634;404;404;9.870.800,00
ORG635;LCT635;322;322;9.866.584,22
ORG636;LCT636;459;459;9.866.425,45
ORG637;LCT637;55;55;9.864.195,60
ORG638;LCT638;819;819;9.858.783,25
ORG639;LCT639;158;158;9.810.000,00
ORG640;LCT640;101;101;9.771.897,96
ORG641;LCT641;896;896;9.767.160,00
ORG642;LCT642;735;735;9.764.856,40
ORG643;LCT643;774;774;9.759.009,38
ORG644;LCT644;861;861;9.743.046,57
ORG645;LCT645;261;261;9.738.271,50
ORG646;LCT646;391;391;9.716.160,14
ORG647;LCT647;954;954;9.700.000,00
ORG648;LCT648;773;773;9.696.000,00
ORG649;LCT649;594;594;9.696.000,00
ORG650;LCT650;127;127;9.695.279,00
ORG651;LCT651;575;575;9.663.965,31
ORG652;LCT652;200;200;9.657.975,36
ORG653;LCT653;306;306;9.634.999,20
ORG654;LCT654;813;813;9.627.727,20
ORG655;LCT655;408;408;9.615.700,20
ORG656;LCT656;32;32;9.599.709,43
ORG657;LCT657;623;623;9.584.801,57
ORG658;LCT658;452;452;9.582.487,92
ORG659;LCT659;189;189;9.519.720,60
ORG660;LCT660;465;465;9.493.244,80
ORG661;LCT661;494;494;9.482.325,98
ORG662;LCT662;478;478;9.474.408,36
ORG663;LCT663;373;373;9.457.736,85
ORG664;LCT664;494;494;9.453.772,56
ORG665;LCT665;357;357;9.453.772,56
ORG666;LCT666;703;703;9.451.977,30
ORG667;LCT667;353;353;9.450.930,57
ORG668;LCT668;210;210;9.445.445,05
ORG669;LCT669;507;507;9.437.390,51
ORG670;LCT670;473;473;9.391.523,30
ORG671;LCT671;368;368;9.375.468,87
ORG672;LCT672;745;745;9.345.735,04
ORG673;LCT673;153;153;9.344.559,84
ORG674;LCT674;493;493;9.320.761,17
ORG675;LCT675;996;996;9.298.953,30
ORG676;LCT676;622;622;9.288.888,26
ORG677;LCT677;296;296;9.264.300,20
ORG678;LCT678;551;551;9.255.117,00
ORG679;LCT679;592;592;9.249.999,84
ORG680;LCT680;513;513;9.237.373,76
ORG681;LCT681;722;722;9.222.192,00
ORG682;LCT682;469;469;9.219.801,00
ORG683;LCT683;105;105;9.218.811,72
ORG684;LCT684;128;128;9.205.140,10
ORG685;LCT685;774;774;9.200.025,85
ORG686;LCT686;996;996;9.200.025,85
ORG687;LCT687;401;401;9.196.354,39
ORG688;LCT688;595;595;9.190.723,11
ORG689;LCT689;953;953;9.171.171,51
ORG690;LCT690;992;992;9.168.094,68
ORG691;LCT691;142;142;9.162.057,48
ORG692;LCT692;945;945;9.160.000,00
ORG693;LCT693;377;377;9.149.065,58
ORG694;LCT694;703;703;9.144.593,88
ORG695;LCT695;236;236;9.144.460,72
ORG696;LCT696;526;526;9.144.171,61
ORG697;LCT697;186;186;9.144.171,61
ORG698;LCT698;349;349;9.142.536,85
ORG699;LCT699;898;898;9.111.381,72
ORG700;LCT700;554;554;9.100.757,36
ORG701;LCT701;728;728;9.089.649,21
ORG702;LCT702;232;232;9.086.124,03
ORG703;LCT703;39;39;9.085.546,60
ORG704;LCT704;922;922;9.077.327,00
ORG705;LCT705;440;440;9.075.000,00
ORG706;LCT706;96;96;9.074.194,20
ORG707;LCT707;698;698;9.066.617,35
ORG708;LCT708;732;732;9.063.034,44
ORG709;LCT709;393;393;9.024.819,91
ORG710;LCT710;553;553;9.010.731,00
ORG711;LCT711;572;572;9.000.000,00
ORG712;LCT712;149;149;8.993.053,78
ORG713;LCT713;550;550;8.981.114,75
ORG714;LCT714;170;170;8.979.276,00
ORG715;LCT715;59;59;8.966.986,08
ORG716;LCT716;64;64;8.963.008,44
ORG717;LCT717;129;129;8.950.668,00
ORG718;LCT718;444;444;8.950.582,87
ORG719;LCT719;634;634;8.950.216,08
ORG720;LCT720;543;543;8.943.480,00
ORG721;LCT721;153;153;8.916.881,73
ORG722;LCT722;806;806;8.887.635,90
ORG723;LCT723;548;548;8.877.751,02
ORG724;LCT724;398;398;8.876.014,84
ORG725;LCT725;136;136;8.868.657,13
ORG726;LCT726;559;559;8.865.743,22
ORG727;LCT727;219;219;8.858.732,01
ORG728;LCT728;715;715;8.857.381,77
ORG729;LCT729;380;380;8.848.461,93
ORG730;LCT730;264;264;8.848.452,36
ORG731;LCT731;430;430;8.795.304,78
ORG732;LCT732;103;103;8.791.263,48
ORG733;LCT733;947;947;8.787.871,20
ORG734;LCT734;795;795;8.787.125,76
ORG735;LCT735;856;856;8.786.097,33
ORG736;LCT736;926;926;8.785.755,73
ORG737;LCT737;77;77;8.779.520,68
ORG738;LCT738;350;350;8.773.115,34
ORG739;LCT739;741;741;8.767.478,64
ORG740;LCT740;692;692;8.752.724,13
ORG741;LCT741;274;274;8.749.415,53
ORG742;LCT742;368;368;8.749.069,74
ORG743;LCT743;599;599;8.747.095,44
ORG744;LCT744;588;588;8.744.579,28
ORG745;LCT745;370;370;8.743.112,30
ORG746;LCT746;781;781;8.714.793,02
ORG747;LCT747;240;240;8.708.159,31
ORG748;LCT748;753;753;8.701.380,36
ORG749;LCT749;424;424;8.697.921,60
ORG750;LCT750;99;99;8.690.069,42
ORG751;LCT751;737;737;8.689.467,00
ORG752;LCT752;962;962;8.689.259,69
ORG753;LCT753;275;275;8.688.472,64
ORG754;LCT754;449;449;8.685.200,25
ORG755;LCT755;610;610;8.681.147,65
ORG756;LCT756;233;233;8.680.000,00
ORG757;LCT757;658;658;8.677.052,15
ORG758;LCT758;932;932;8.674.930,08
ORG759;LCT759;456;456;8.673.980,28
ORG760;LCT760;845;845;8.659.817,90
ORG761;LCT761;157;157;8.646.348,04
ORG762;LCT762;970;970;8.644.601,67
ORG763;LCT763;201;201;8.642.419,56
ORG764;LCT764;558;558;8.640.893,52
ORG765;LCT765;559;559;8.639.918,48
ORG766;LCT766;56;56;8.635.049,28
ORG767;LCT767;670;670;8.633.228,12
ORG768;LCT768;488;488;8.613.558,60
ORG769;LCT769;436;436;8.607.082,59
ORG770;LCT770;618;618;8.601.102,90
ORG771;LCT771;465;465;8.599.917,30
ORG772;LCT772;902;902;8.591.306,70
ORG773;LCT773;898;898;8.580.000,00
ORG774;LCT774;442;442;8.572.226,69
ORG775;LCT775;762;762;8.566.167,60
ORG776;LCT776;989;989;8.562.320,86
ORG777;LCT777;1000;1000;8.562.101,49
ORG778;LCT778;731;731;8.557.441,65
ORG779;LCT779;284;284;8.557.441,65
ORG780;LCT780;134;134;8.550.620,47
ORG781;LCT781;159;159;8.548.343,50
ORG782;LCT782;378;378;8.526.812,41
ORG783;LCT783;66;66;8.518.774,20
ORG784;LCT784;528;528;8.515.908,07
ORG785;LCT785;883;883;8.511.656,82
ORG786;LCT786;495;495;8.507.694,18
ORG787;LCT787;368;368;8.485.292,40
ORG788;LCT788;130;130;8.483.709,72
ORG789;LCT789;923;923;8.481.619,91
ORG790;LCT790;897;897;8.480.578,97
ORG791;LCT791;754;754;8.476.244,28
ORG792;LCT792;60;60;8.473.256,27
ORG793;LCT793;460;460;8.463.558,60
ORG794;LCT794;49;49;8.457.750,00
ORG795;LCT795;508;508;8.445.613,30
ORG796;LCT796;544;544;8.444.412,72
ORG797;LCT797;916;916;8.444.412,72
ORG798;LCT798;853;853;8.440.953,61
ORG799;LCT799;258;258;8.429.592,74
ORG800;LCT800;516;516;8.428.819,30
ORG801;LCT801;162;162;8.421.349,00
ORG802;LCT802;354;354;8.418.290,10
ORG803;LCT803;870;870;8.413.465,35
ORG804;LCT804;237;237;8.399.973,55
ORG805;LCT805;953;953;8.399.745,00
ORG806;LCT806;489;489;8.390.496,81
ORG807;LCT807;882;882;8.387.182,98
ORG808;LCT808;720;720;8.380.760,16
ORG809;LCT809;66;66;8.380.134,00
ORG810;LCT810;536;536;8.379.857,44
ORG811;LCT811;907;907;8.378.532,65
ORG812;LCT812;471;471;8.351.956,04
ORG813;LCT813;842;842;8.347.246,05
ORG814;LCT814;419;419;8.347.016,40
ORG815;LCT815;435;435;8.334.957,42
ORG816;LCT816;92;92;8.333.666,45
ORG817;LCT817;264;264;8.320.000,00
ORG818;LCT818;368;368;8.319.220,00
ORG819;LCT819;892;892;8.312.125,14
ORG820;LCT820;120;120;8.306.507,27
ORG821;LCT821;329;329;8.299.694,00
ORG822;LCT822;825;825;8.294.807,99
ORG823;LCT823;694;694;8.292.763,68
ORG824;LCT824;309;309;8.290.481,55
ORG825;LCT825;376;376;8.286.240,60
ORG826;LCT826;594;594;8.285.829,14
ORG827;LCT827;920;920;8.284.539,41
ORG828;LCT828;546;546;8.274.251,83
ORG829;LCT829;418;418;8.271.323,00
ORG830;LCT830;205;205;8.269.506,90
ORG831;LCT831;82;82;8.260.572,92
ORG832;LCT832;650;650;8.256.524,09
ORG833;LCT833;328;328;8.245.628,90
ORG834;LCT834;86;86;8.228.089,51
ORG835;LCT835;394;394;8.226.052,90
ORG836;LCT836;828;828;8.224.690,50
ORG837;LCT837;598;598;8.223.680,68
ORG838;LCT838;78;78;8.214.927,34
ORG839;LCT839;293;293;8.206.488,18
ORG840;LCT840;292;292;8.202.166,26
ORG841;LCT841;837;837;8.193.073,20
ORG842;LCT842;270;270;8.190.395,37
ORG843;LCT843;151;151;8.183.953,38
ORG844;LCT844;241;241;8.162.235,91
ORG845;LCT845;907;907;8.162.147,05
ORG846;LCT846;671;671;8.157.235,01
ORG847;LCT847;72;72;8.154.498,95
ORG848;LCT848;403;403;8.151.462,41
ORG849;LCT849;757;757;8.148.578,28
ORG850;LCT850;570;570;8.143.002,54
ORG851;LCT851;670;670;8.135.960,20
ORG852;LCT852;558;558;8.131.932,52
ORG853;LCT853;222;222;8.128.585,45
ORG854;LCT854;254;254;8.127.000,00
ORG855;LCT855;831;831;8.118.057,51
ORG856;LCT856;270;270;8.118.057,51
ORG857;LCT857;290;290;8.116.781,40
ORG858;LCT858;388;388;8.114.260,05
ORG859;LCT859;562;562;8.106.647,90
ORG860;LCT860;778;778;8.106.182,73
ORG861;LCT861;175;175;8.102.177,64
ORG862;LCT862;307;307;8.088.523,16
ORG863;LCT863;978;978;8.087.821,87
ORG864;LCT864;827;827;8.087.497,32
ORG865;LCT865;771;771;8.076.677,40
ORG866;LCT866;197;197;8.075.775,95
ORG867;LCT867;223;223;8.073.555,92
ORG868;LCT868;403;403;8.072.315,69
ORG869;LCT869;642;642;8.071.548,90
ORG870;LCT870;337;337;8.054.228,00
ORG871;LCT871;741;741;8.053.178,46
ORG872;LCT872;775;775;8.047.488,80
ORG873;LCT873;43;43;8.028.690,59
ORG874;LCT874;587;587;8.020.834,77
ORG875;LCT875;448;448;8.005.780,26
ORG876;LCT876;862;862;7.997.447,88
ORG877;LCT877;645;645;7.990.276,69
ORG878;LCT878;921;921;7.983.945,07
ORG879;LCT879;165;165;7.981.490,12
ORG880;LCT880;919;919;7.980.539,70
ORG881;LCT881;107;107;7.979.899,93
ORG882;LCT882;540;540;7.979.899,93
ORG883;LCT883;807;807;7.977.072,66
ORG884;LCT884;529;529;7.975.881,60
ORG885;LCT885;365;365;7.975.291,23
ORG886;LCT886;131;131;7.966.303,20
ORG887;LCT887;111;111;7.957.336,90
ORG888;LCT888;298;298;7.957.336,90
ORG889;LCT889;641;641;7.956.640,24
ORG890;LCT890;951;951;7.947.636,16
ORG891;LCT891;366;366;7.943.020,20
ORG892;LCT892;910;910;7.940.999,99
ORG893;LCT893;886;886;7.940.289,56
ORG894;LCT894;963;963;7.940.289,56
ORG895;LCT895;346;346;7.932.534,16
ORG896;LCT896;231;231;7.931.428,93
ORG897;LCT897;919;919;7.927.261,84
ORG898;LCT898;468;468;7.926.871,21
ORG899;LCT899;540;540;7.919.562,27
ORG900;LCT900;113;113;7.919.433,40
ORG901;LCT901;707;707;7.917.256,90
ORG902;LCT902;661;661;7.906.329,31
ORG903;LCT903;921;921;7.901.960,52
ORG904;LCT904;862;862;7.900.060,26
ORG905;LCT905;715;715;7.894.800,00
ORG906;LCT906;890;890;7.893.600,00
ORG907;LCT907;885;885;7.891.975,10
ORG908;LCT908;688;688;7.889.574,37
ORG909;LCT909;810;810;7.885.414,20
ORG910;LCT910;603;603;7.883.005,09
ORG911;LCT911;652;652;7.875.300,29
ORG912;LCT912;738;738;7.871.879,28
ORG913;LCT913;495;495;7.866.141,35
ORG914;LCT914;603;603;7.865.211,29
ORG915;LCT915;59;59;7.863.180,62
ORG916;LCT916;955;955;7.850.726,78
ORG917;LCT917;406;406;7.850.000,00
ORG918;LCT918;392;392;7.849.999,99
ORG919;LCT919;34;34;7.849.834,98
ORG920;LCT920;109;109;7.840.205,36
ORG921;LCT921;762;762;7.832.711,64
ORG922;LCT922;981;981;7.826.040,00
ORG923;LCT923;946;946;7.822.808,40
ORG924;LCT924;175;175;7.820.596,76
ORG925;LCT925;258;258;7.818.976,37
ORG926;LCT926;103;103;7.815.172,80
ORG927;LCT927;195;195;7.813.963,53
ORG928;LCT928;861;861;7.807.129,57
ORG929;LCT929;125;125;7.803.332,85
ORG930;LCT930;652;652;7.801.378,00
ORG931;LCT931;193;193;7.797.117,18
ORG932;LCT932;149;149;7.796.136,20
ORG933;LCT933;464;464;7.780.377,71
ORG934;LCT934;37;37;7.778.999,29
ORG935;LCT935;413;413;7.775.693,48
ORG936;LCT936;602;602;7.762.458,39
ORG937;LCT937;924;924;7.761.098,80
ORG938;LCT938;216;216;7.756.128,00
ORG939;LCT939;798;798;7.751.171,00
ORG940;LCT940;715;715;7.741.361,52
ORG941;LCT941;632;632;7.740.733,65
ORG942;LCT942;280;280;7.736.386,20
ORG943;LCT943;470;470;7.735.314,54
ORG944;LCT944;627;627;7.727.254,98
ORG945;LCT945;847;847;7.719.503,80
ORG946;LCT946;543;543;7.719.503,08
ORG947;LCT947;420;420;7.709.726,20
ORG948;LCT948;721;721;7.704.161,55
ORG949;LCT949;217;217;7.704.123,77
ORG950;LCT950;673;673;7.700.745,01
ORG951;LCT951;723;723;7.693.840,91
ORG952;LCT952;244;244;7.679.345,44
ORG953;LCT953;527;527;7.671.824,60
ORG954;LCT954;947;947;7.670.986,05
ORG955;LCT955;66;66;7.669.344,80
ORG956;LCT956;930;930;7.659.482,85
ORG957;LCT957;784;784;7.657.035,10
ORG958;LCT958;783;783;7.655.976,90
ORG959;LCT959;53;53;7.652.100,30
ORG960;LCT960;560;560;7.641.512,52
ORG961;LCT961;212;212;7.639.259,40
ORG962;LCT962;274;274;7.627.176,90
ORG963;LCT963;667;667;7.612.971,84
ORG964;LCT964;791;791;7.610.989,95
ORG965;LCT965;210;210;7.607.103,86
ORG966;LCT966;511;511;7.607.103,86
ORG967;LCT967;76;76;7.595.501,58
ORG968;LCT968;614;614;7.595.416,98
ORG969;LCT969;919;919;7.593.864,49
ORG970;LCT970;196;196;7.589.049,00
ORG971;LCT971;577;577;7.588.271,85
ORG972;LCT972;693;693;7.587.100,32
ORG973;LCT973;760;760;7.586.054,84
ORG974;LCT974;228;228;7.585.938,65
ORG975;LCT975;680;680;7.572.267,41
