ident_licit;cnpj_proponente;situacao_proposta
79120;3,28E+12;1
153820;3,35E+13;0
153820;2,79E+13;0
153820;2,44E+13;0
153820;3,46E+13;1
176220;6,95E+12;1
82720;1,50E+13;1
83220;1,78E+13;1
189820;1,54E+13;1
196320;5,16E+12;0
196320;2,44E+13;0
196320;2,70E+13;1
205520;3,16E+13;0
205520;1,74E+13;0
205520;2,61E+13;0
205520;2,98E+13;0
205520;2,40E+13;0
205520;5,88E+12;0
205520;2,62E+13;0
205520;4,33E+12;0
205520;1,78E+13;0
205520;2,75E+12;1
209120;8,98E+12;1
85620;2,28E+13;0
85620;3,06E+13;0
85620;2,81E+13;0
85620;2,75E+13;0
85620;1,74E+13;0
85620;2,99E+13;0
85620;3,27E+13;0
85620;5,88E+12;0
85620;2,42E+13;0
85620;1,97E+13;0
85620;3,41E+12;1
214020;1,76E+13;0
214020;2,02E+13;1
88820;7,91E+12;0
88820;4,30E+12;0
88820;9,61E+12;0
88820;9,05E+12;0
88820;9,76E+11;0
88820;7,01E+13;0
88820;1,88E+13;1
224620;1,30E+13;1
224620;1,74E+13;1
227020;9,20E+12;1
227320;2,68E+13;1
230220;9,33E+12;1
232220;2,68E+13;0
232220;7,61E+12;0
232220;2,03E+13;0
232220;1,86E+13;1
232220;1,52E+13;1
234420;3,46E+13;1
253220;4,46E+12;1
267220;1,67E+13;1
267620;1,43E+13;1
94420;2,12E+13;1
268420;3,16E+13;0
268420;3,20E+13;0
268420;3,16E+13;1
269320;2,75E+12;0
269320;2,69E+13;0
269320;3,20E+13;0
269320;1,06E+13;1
276720;1,34E+13;0
276720;1,74E+13;0
276720;1,86E+13;0
276720;2,65E+13;0
276720;2,03E+13;0
276720;2,18E+13;0
276720;4,32E+12;1
95420;9,76E+11;0
95420;4,30E+12;0
95420;7,91E+12;0
95420;9,61E+12;0
95420;8,79E+12;1
288220;2,61E+13;1
96920;9,61E+12;1
296420;4,08E+12;0
296420;1,81E+12;0
296420;2,82E+13;1
298320;1,21E+13;0
298320;2,75E+13;1
311320;3,46E+13;1
318020;2,68E+13;1
98520;3,25E+13;0
98520;2,52E+13;0
98520;3,27E+13;0
98520;3,06E+13;0
98520;2,20E+13;1
326020;3,88E+12;1
330220;2,63E+12;0
330220;1,67E+13;1
332120;1,52E+13;1
337720;3,06E+13;1
341820;3,07E+13;1
343720;2,29E+12;1
346920;1,94E+13;1
352820;3,43E+13;0
352820;3,39E+13;1
369920;7,02E+13;1
374120;1,73E+13;1
380720;2,97E+13;1
384720;3,14E+13;0
384720;1,52E+13;0
384720;1,86E+13;0
384720;3,20E+12;0
384720;2,18E+13;0
384720;2,03E+13;1
386720;7,61E+12;0
386720;2,18E+13;0
386720;2,65E+13;0
386720;2,30E+13;1
108420;2,52E+13;0
108420;8,06E+12;1
389920;2,00E+13;1
398920;1,12E+13;0
398920;1,37E+13;0
398920;1,25E+13;1
401920;4,07E+12;1
401920;7,55E+12;1
402920;1,94E+13;1
403120;1,86E+13;0
403120;1,12E+13;1
406520;1,25E+13;1
410020;7,75E+12;0
410020;1,89E+13;0
410020;2,70E+13;1
410120;5,88E+12;0
410120;1,07E+13;1
410520;2,70E+13;1
427220;6,13E+12;1
427320;6,13E+12;1
427520;1,55E+13;1
432220;2,24E+13;0
432220;1,94E+13;1
435420;1,75E+13;1
437020;3,36E+13;1
441920;3,46E+13;0
441920;5,16E+12;0
441920;3,60E+13;0
441920;9,08E+12;1
443120;2,99E+13;0
443120;5,16E+12;0
443120;3,46E+13;0
443120;9,08E+12;0
443120;3,60E+13;0
443120;3,45E+13;1
450220;1,94E+13;1
450420;2,68E+13;1
451520;2,40E+13;1
453420;1,73E+13;1
464620;7,61E+12;1
468920;1,12E+13;0
468920;7,01E+13;0
468920;1,52E+13;1
474820;2,00E+13;0
474820;2,99E+13;0
474820;3,60E+13;0
474820;3,34E+13;0
474820;3,46E+13;0
474820;5,16E+12;0
474820;3,27E+13;1
480620;1,73E+13;0
480620;2,49E+13;0
480620;1,23E+13;0
480620;2,09E+13;1
486620;3,14E+13;1
488720;1,52E+13;0
488720;2,09E+13;1
136620;5,05E+12;0
136620;9,76E+11;0
136620;4,30E+12;0
136620;7,91E+12;0
136620;9,05E+12;1
495820;1,82E+13;1
499320;2,68E+13;0
499320;1,94E+13;0
499320;2,03E+13;0
499320;1,74E+13;0
499320;2,24E+13;1
503420;2,19E+13;1
529720;7,38E+12;1
547820;1,89E+13;0
547820;2,43E+13;1
548920;3,16E+13;1
575420;1,34E+13;0
575420;1,74E+13;0
575420;2,97E+13;0
575420;4,32E+12;1
588920;2,81E+13;0
588920;2,36E+13;0
588920;3,42E+13;1
590920;1,07E+13;1
593920;6,08E+12;1
595420;1,66E+13;1
612520;3,20E+12;1
612620;3,20E+12;1
614520;8,94E+12;1
614520;2,81E+13;1
615320;1,21E+13;0
615320;4,33E+12;0
615320;3,46E+13;0
615320;2,91E+13;0
615320;1,35E+13;0
615320;2,98E+13;0
615320;1,41E+13;0
615320;3,42E+13;1
617020;1,94E+13;1
618220;1,47E+13;1
618520;2,24E+13;1
619620;2,96E+12;1
620320;1,94E+13;0
620320;2,19E+13;1
620820;7,66E+12;1
182220;1,86E+13;1
627220;2,16E+13;1
629020;4,33E+12;0
629020;1,21E+13;0
629020;2,91E+13;0
629020;1,23E+12;0
629020;1,35E+13;0
629020;3,42E+13;0
629020;3,46E+13;1
634520;1,34E+13;1
640520;1,36E+13;1
646320;9,33E+12;0
646320;1,21E+13;0
646320;5,88E+12;0
646320;2,99E+13;1
668420;1,41E+13;1
672920;3,34E+13;1
700720;5,50E+12;1
208020;5,05E+12;0
208020;3,30E+13;1
714820;9,61E+12;1
714820;3,17E+13;1
714820;2,65E+13;1
208720;7,91E+12;0
208720;9,22E+12;0
208720;9,76E+11;0
208720;9,05E+12;1
208820;5,05E+12;0
208820;4,45E+12;0
208820;1,35E+13;0
208820;3,30E+13;1
209020;5,05E+12;0
209020;4,45E+12;0
209020;1,35E+13;0
209020;3,30E+13;1
209220;5,05E+12;0
209220;3,30E+13;1
729120;1,07E+13;0
729120;1,67E+13;0
729120;1,21E+13;1
729620;1,07E+13;0
729620;1,21E+13;0
729620;2,28E+13;1
730920;1,99E+11;1
737820;3,46E+13;0
737820;1,23E+12;0
737820;1,35E+13;0
737820;2,91E+13;1
742520;1,95E+13;0
743220;1,46E+13;1
745320;2,91E+13;1
757820;3,16E+13;1
762220;9,61E+12;1
762220;8,98E+12;1
762220;8,94E+12;1
762220;2,97E+13;1
762220;1,89E+13;1
762220;2,42E+13;1
219520;3,06E+13;0
219520;3,27E+13;1
775020;2,69E+13;0
775020;4,88E+12;0
775020;9,08E+12;0
775020;2,47E+13;0
775020;3,46E+13;1
778220;2,69E+13;0
778220;4,88E+12;0
778220;9,08E+12;0
778220;2,47E+13;0
778220;3,46E+13;1
781620;1,11E+13;1
788120;3,07E+13;1
801520;2,36E+13;1
810820;2,62E+13;1
819020;3,44E+12;0
819020;2,89E+13;1
819720;3,16E+13;0
819720;3,12E+13;1
820220;3,16E+13;1
820320;3,16E+13;1
822520;2,49E+13;1
851520;1,21E+13;0
851520;1,07E+13;0
851520;1,67E+13;0
851520;2,36E+13;0
851520;2,28E+13;1
857320;2,68E+13;1
860220;3,08E+13;0
860220;2,12E+13;0
860220;2,87E+13;1
869420;2,91E+13;1
906920;2,34E+13;0
906920;3,41E+12;1
915320;3,31E+13;1
915920;2,25E+13;0
915920;2,51E+13;0
915920;1,94E+13;0
915920;3,34E+12;1
257620;1,06E+13;1
956220;1,57E+13;1
964420;7,84E+12;1
965820;3,16E+13;0
965820;1,43E+13;1
263520;3,23E+12;1
982820;1,03E+13;1
983420;1,21E+13;1
984220;7,48E+12;1
266320;2,99E+13;1
995320;3,03E+13;1
997920;1,85E+13;1
267220;3,20E+12;1
1004820;2,66E+13;1
1005120;2,78E+13;0
1005120;2,66E+13;1
1005520;2,66E+13;1
1009120;3,52E+13;0
1009120;9,58E+12;0
1009120;2,68E+13;1
1026320;7,61E+12;1
1028820;2,99E+13;1
1044520;2,98E+13;1
288320;2,20E+13;1
1063120;8,31E+12;1
1064620;3,50E+13;1
1072920;1,06E+13;1
1080220;2,24E+13;1
1088020;2,00E+13;1
1094220;2,40E+13;1
1097620;1,76E+13;1
1099020;2,43E+13;1
1099920;2,43E+13;1
1100520;2,43E+13;1
1102920;1,76E+13;1
1105120;1,89E+13;1
1110020;2,00E+13;1
1111120;1,10E+13;1
1112120;2,49E+13;1
1112920;8,44E+12;0
1112920;3,50E+13;0
1112920;1,74E+13;0
1112920;2,21E+13;1
1115420;1,81E+13;1
1118320;2,98E+13;1
1118520;5,82E+12;1
1125020;3,12E+13;1
1135920;3,11E+13;1
1142620;3,03E+13;1
1146720;3,56E+13;1
1152920;5,56E+12;1
1154220;2,16E+13;0
1154220;2,02E+13;0
1154220;3,11E+13;1
1154320;2,50E+12;0
1154320;1,74E+13;0
1154320;3,19E+13;1
1155420;1,74E+13;0
1155420;2,50E+12;0
1155420;3,19E+13;1
1166020;7,25E+12;1
1166320;1,76E+13;0
1166320;2,91E+13;1
1178920;9,57E+12;1
1179220;3,56E+13;1
1182320;3,44E+12;1
329920;3,11E+13;1
1190220;5,29E+12;1
1190320;1,26E+13;1
1220020;1,09E+13;0
1220020;1,58E+13;1
1224620;2,75E+13;0
1224620;9,34E+12;0
1224620;2,24E+13;1
1232520;2,16E+13;0
1232520;9,18E+12;0
1232520;1,37E+13;1
346320;1,03E+13;1
1244020;2,51E+13;0
1244020;3,34E+12;1
1245720;3,02E+13;0
1245720;2,25E+13;0
1245720;1,94E+13;0
1245720;3,34E+12;0
1245720;2,51E+13;1
1247120;5,45E+12;1
1247220;7,56E+12;1
1268520;2,39E+13;0
1268520;2,95E+13;1
1272720;2,47E+13;1
356220;2,25E+13;0
356220;1,74E+13;0
356220;3,06E+13;0
356220;8,44E+12;0
356220;2,98E+13;0
356220;2,40E+13;0
356220;1,12E+13;1
1275420;8,16E+12;1
1276020;8,16E+12;1
358220;3,23E+12;1
359120;3,06E+13;1
359120;9,51E+12;1
1287420;2,75E+13;1
1296520;2,03E+13;0
1296520;2,24E+13;0
1296520;1,52E+13;1
1299620;1,65E+12;1
1300320;2,67E+13;0
1300320;2,03E+13;1
1302220;1,78E+13;0
1302220;2,99E+13;1
1305220;1,56E+13;1
1306020;3,12E+13;0
1306020;3,38E+13;0
1306020;2,75E+13;0
1306020;1,75E+13;0
1306020;2,16E+13;1
1306920;2,65E+13;0
1306920;2,09E+13;0
1306920;1,89E+13;0
1306920;2,16E+13;0
1306920;3,50E+13;0
1306920;3,38E+13;1
1318620;2,40E+13;1
1322020;2,38E+13;1
1327820;1,38E+13;0
1327820;2,77E+13;0
1327820;1,12E+13;1
1328120;9,26E+12;1
1339920;3,07E+13;1
1343720;1,86E+13;0
1343720;1,09E+13;0
1343720;2,03E+13;0
1343720;5,44E+12;0
1343720;3,50E+13;0
1343720;3,52E+13;0
1343720;3,08E+13;1
1344420;9,26E+12;1
1359520;2,66E+13;1
1360120;2,66E+13;1
1366320;1,43E+13;0
1366320;2,68E+13;1
1369920;3,39E+13;1
1392020;1,03E+13;0
1392020;1,43E+13;1
1392120;1,43E+13;1
1396620;1,38E+13;0
1396620;1,86E+13;0
1396620;2,09E+13;0
1396620;3,50E+13;0
1396620;2,67E+13;0
1396620;1,12E+13;0
1396620;2,67E+13;0
1396620;1,52E+13;0
1396620;2,11E+13;0
1396620;1,76E+13;1
1410620;8,94E+12;1
1410620;2,42E+13;1
1423120;9,63E+12;1
1432420;3,55E+13;1
1434020;9,33E+12;1
1441620;1,07E+13;1
1464820;2,42E+13;1
1464820;2,97E+13;1
1464820;8,98E+12;1
1464820;8,94E+12;1
426820;9,22E+12;0
426820;4,09E+13;1
427020;1,35E+13;0
427020;5,05E+12;0
427020;4,45E+12;0
427020;9,33E+12;1
1475020;7,16E+12;1
1482220;3,50E+13;0
1482220;1,94E+13;0
1482220;1,12E+13;0
1482220;3,19E+13;1
1493820;1,73E+13;0
1493820;2,77E+13;0
1493820;1,59E+13;0
1493820;1,78E+13;1
431020;8,16E+12;0
431020;7,01E+13;0
431020;8,70E+12;1
1499020;3,61E+13;1
431820;1,44E+13;1
431820;5,48E+12;1
1507620;2,26E+13;0
1507620;2,99E+13;0
1507620;3,12E+13;1
1507820;2,78E+13;1
1507820;9,20E+12;1
1524920;2,77E+13;0
1524920;1,59E+13;1
1525420;2,28E+13;1
1527920;3,50E+13;0
1527920;2,03E+13;0
1527920;3,43E+13;0
1527920;1,09E+13;0
1527920;5,94E+12;0
1527920;2,68E+13;1
1528020;1,94E+13;1
1528120;1,09E+13;0
1528120;1,94E+13;0
1528120;3,50E+13;0
1528120;2,68E+13;1
1567220;1,76E+13;0
1567220;3,27E+13;0
1567220;3,30E+13;0
1567220;2,91E+13;0
1567220;1,75E+13;0
1567220;2,99E+13;1
1573020;1,21E+13;1
1573420;1,21E+13;1
1577720;1,93E+13;1
1580520;2,71E+13;1
1586920;1,09E+12;0
1586920;3,38E+13;0
1586920;1,06E+13;1
1598920;1,43E+13;1
1599320;3,12E+13;1
1608020;8,16E+12;1
1608020;2,16E+13;1
1610220;9,21E+12;1
1610220;1,81E+13;1
1610220;8,16E+12;1
1617520;1,81E+13;0
1617520;1,43E+13;1
1618420;3,02E+13;1
461620;4,12E+13;1
1630420;2,16E+13;0
1630420;3,19E+13;0
1630420;1,99E+13;1
1630820;2,09E+13;0
1630820;9,33E+12;1
1637420;2,13E+13;0
1637420;5,30E+12;1
1637420;4,12E+11;1
1642320;1,99E+13;1
1645520;3,28E+12;1
1646820;3,28E+12;1
1647120;1,86E+13;1
1656920;2,02E+13;0
1656920;8,44E+12;0
1656920;2,81E+13;1
1671120;1,05E+13;1
475020;8,16E+12;0
475020;7,01E+13;0
475020;8,70E+12;1
1679120;7,61E+12;0
1679120;5,08E+12;1
1679320;9,61E+12;1
1679320;1,31E+13;1
1702120;2,65E+13;1
1702620;2,00E+13;1
1704820;2,66E+12;1
1706720;1,81E+13;1
1708920;3,19E+13;1
1709820;2,96E+13;1
1716120;2,28E+13;0
1716120;2,91E+13;0
1716120;2,09E+13;1
1739620;2,49E+13;1
1746920;7,59E+12;1
1757620;1,74E+13;1
492720;1,76E+13;1
492720;2,24E+13;1
1823020;7,01E+13;0
1823020;3,26E+12;1
1832320;2,71E+13;1
1835720;3,31E+13;1
503420;3,20E+12;1
1843220;3,12E+13;1
1844120;2,97E+13;0
1844120;5,16E+12;1
1848620;1,06E+13;1
1848920;1,06E+13;1
1857920;1,21E+13;1
1858220;1,21E+13;1
1861220;1,25E+13;1
1866420;1,66E+12;1
1884920;2,42E+13;1
1884920;2,35E+13;1
1884920;2,74E+13;1
1884920;2,05E+13;1
1884920;2,93E+13;1
1886920;5,88E+12;0
1886920;1,38E+13;1
1894420;1,52E+13;0
1894420;5,94E+12;0
1894420;2,11E+13;0
1894420;1,94E+13;0
1894420;2,03E+13;0
1894420;3,50E+13;1
1896220;9,76E+11;0
1896220;2,03E+13;0
1896220;7,01E+13;1
1896520;9,76E+11;0
1896520;9,05E+12;0
1896520;1,95E+13;1
1907720;4,09E+13;0
1907720;1,73E+13;1
1914420;4,44E+12;0
1914420;2,71E+13;0
1914420;3,37E+13;0
1914420;5,88E+12;0
1914420;1,07E+13;0
1914420;1,03E+13;1
1923720;2,26E+13;0
1923720;2,16E+13;1
1927620;5,88E+12;0
1927620;3,28E+12;1
1928620;2,98E+13;0
1928620;1,42E+13;1
1930020;2,29E+12;1
1931620;1,86E+13;0
1931620;2,03E+13;1
1932920;1,77E+13;1
1935020;2,72E+13;1
1935120;1,54E+13;1
1936120;1,20E+13;1
1936120;8,92E+12;1
1936120;8,60E+12;1
1939720;1,50E+13;1
1942220;1,95E+13;1
541820;1,70E+13;1
1964720;2,03E+13;0
1964720;2,11E+13;0
1964720;3,50E+13;0
1964720;5,94E+12;0
1964720;1,94E+13;0
1964720;9,34E+12;1
1992820;3,50E+13;1
1994720;3,50E+13;1
1997020;2,36E+13;0
1997020;1,52E+13;0
1997020;5,16E+12;0
1997020;1,85E+13;1
1997920;2,68E+13;0
1997920;1,76E+13;0
1997920;1,06E+13;0
1997920;2,67E+13;1
1999120;3,11E+13;1
2028720;5,88E+12;0
2028720;7,75E+12;1
2029520;5,88E+12;0
2029520;7,75E+12;1
2040420;3,26E+12;1
2042720;1,09E+12;0
2042720;2,77E+13;0
2042720;2,75E+13;0
2042720;5,16E+12;0
2042720;3,30E+13;1
2047120;2,80E+13;0
2047120;2,03E+13;1
2047620;1,95E+13;1
2047720;1,56E+12;0
2047720;1,95E+13;0
2047720;2,80E+13;0
2047720;2,03E+13;1
2049620;1,78E+13;1
2055120;8,57E+12;1
2055920;3,03E+13;1
2059820;7,26E+12;0
2059820;9,33E+12;0
2059820;2,12E+13;0
2059820;8,69E+12;0
2059820;3,37E+13;0
2059820;2,29E+12;1
2060320;9,33E+12;0
2060320;7,26E+12;0
2060320;3,37E+13;0
2060320;2,29E+12;0
2060320;2,12E+13;0
2060320;8,69E+12;1
2060420;5,88E+12;1
2068120;1,29E+13;1
579020;1,23E+13;1
579420;2,98E+13;0
579420;8,44E+12;0
579420;9,76E+11;1
581720;2,99E+13;1
581720;3,05E+13;1
581720;2,75E+13;1
581720;2,72E+13;1
581720;1,11E+13;1
581720;3,27E+13;1
581720;2,96E+13;1
581720;2,17E+13;1
581720;2,98E+13;1
581720;2,98E+13;1
581720;2,97E+13;1
581720;8,69E+12;1
581720;2,74E+13;1
581720;2,97E+13;1
581720;2,96E+13;1
581720;2,94E+13;1
2081520;4,33E+12;1
2081620;4,33E+12;1
2088020;1,94E+13;1
2088420;2,52E+13;0
2088420;2,93E+13;0
2088420;2,78E+13;1
2088520;2,52E+13;0
2088520;2,78E+13;1
2088720;2,52E+13;0
2088720;2,78E+13;1
2089620;1,06E+13;1
595320;3,34E+13;1
2114220;7,59E+12;1
2114420;2,67E+13;1
2118120;2,49E+13;0
2118120;1,03E+13;0
2118120;9,08E+12;1
2120720;2,09E+13;1
2129220;2,68E+13;1
611320;2,29E+13;1
2155520;3,56E+13;1
2155620;2,43E+13;1
2161920;2,99E+13;1
2167220;7,16E+12;1
2172520;2,24E+13;0
2172520;1,74E+13;1
2172520;1,30E+13;1
2178320;3,25E+13;0
2178320;2,44E+13;0
2178320;2,80E+13;1
2182120;2,19E+13;1
628920;4,30E+12;1
2191920;1,50E+13;0
2191920;2,93E+13;0
2191920;2,52E+13;0
2191920;3,53E+13;0
2191920;2,78E+13;1
2192520;1,50E+13;0
2192520;8,70E+12;0
2192520;2,36E+13;0
2192520;2,78E+13;0
2192520;2,28E+13;0
2192520;2,52E+13;1
2202520;1,19E+13;1
2202720;2,72E+13;1
2212620;1,43E+13;0
2212620;4,67E+12;1
2215120;1,43E+13;0
2215120;2,68E+13;0
2215120;5,88E+12;0
2215120;3,02E+13;1
2220320;4,89E+12;1
2231020;2,29E+12;1
646020;3,02E+13;0
646020;2,19E+13;1
2236720;1,93E+13;0
2236720;1,80E+13;0
2236720;3,25E+13;1
2244220;1,12E+13;0
2244220;2,03E+13;0
2244220;1,38E+13;0
2244220;2,99E+13;0
2244220;2,18E+13;0
2244220;3,14E+13;1
2245020;2,71E+13;1
2266420;3,10E+13;0
2266420;3,50E+13;0
2266420;2,02E+13;0
2266420;1,76E+13;1
2274120;1,50E+13;0
2274120;3,51E+13;1
2274420;1,50E+13;1
2274820;1,50E+13;1
659420;2,23E+13;1
2282020;3,39E+13;1
2288420;2,68E+13;0
2288420;3,01E+13;0
2288420;1,80E+13;1
2301920;5,91E+12;1
2302320;5,91E+12;1
2303020;5,91E+12;1
2309620;8,44E+12;1
2313220;1,25E+13;1
2321720;3,46E+13;0
2321720;3,27E+13;0
2321720;1,67E+13;1
2328120;1,46E+12;1
2328320;2,69E+13;1
2331620;3,46E+13;1
2346220;2,91E+13;0
2346220;5,45E+12;0
2346220;3,27E+13;0
2346220;1,99E+13;0
2346220;3,12E+13;0
2346220;2,95E+13;0
2346220;2,19E+13;0
2346220;2,97E+13;1
2363120;2,62E+13;1
2364020;3,27E+13;1
2367420;2,40E+12;1
2367720;2,40E+12;1
689620;1,37E+13;0
689620;7,16E+12;1
2370020;1,76E+13;1
2372920;2,95E+13;1
694120;1,44E+13;1
2377820;2,03E+13;0
2377820;3,03E+13;0
2377820;3,14E+13;0
2377820;1,75E+13;1
2378220;3,14E+13;0
2378220;2,75E+13;0
2378220;1,52E+13;0
2378220;2,03E+13;0
2378220;1,75E+13;1
2397420;2,40E+13;0
2397420;2,46E+13;0
2397420;1,80E+13;0
2397420;2,87E+13;0
2397420;2,68E+13;1
704620;2,28E+13;0
704620;1,52E+13;0
704620;1,78E+13;0
704620;2,70E+13;0
704620;2,65E+13;0
704620;1,74E+13;0
704620;1,21E+13;0
704620;3,25E+13;0
704620;1,88E+13;0
704620;2,97E+13;0
704620;2,20E+13;0
704620;4,88E+12;0
704620;1,50E+13;1
706520;1,36E+13;0
706520;2,97E+13;0
706520;1,52E+13;0
706520;2,70E+13;0
706520;3,25E+13;0
706520;1,74E+13;0
706520;1,88E+13;0
706520;1,78E+13;0
706520;2,77E+13;0
706520;4,88E+12;0
706520;2,28E+13;0
706520;1,21E+13;0
706520;5,88E+12;0
706520;1,50E+13;0
706520;1,54E+13;0
706520;2,65E+13;0
706520;2,28E+13;0
706520;2,00E+13;1
2434120;2,68E+13;1
2442620;5,88E+12;0
2442620;2,77E+13;0
2442620;2,44E+13;0
2442620;3,07E+13;0
2442620;1,75E+13;0
2442620;2,00E+13;0
2442620;1,09E+12;0
2442620;3,60E+13;1
716420;2,99E+13;0
716420;1,07E+13;0
716420;1,52E+13;0
716420;3,07E+13;0
716420;2,43E+13;0
716420;5,88E+12;0
716420;2,97E+13;0
716420;3,27E+13;0
716420;2,78E+13;0
716420;3,12E+13;0
716420;2,98E+13;0
716420;2,47E+13;1
2468320;1,94E+13;0
2468320;2,46E+13;0
2468320;2,68E+13;1
2484720;3,19E+13;0
2484720;2,95E+13;0
2484720;3,50E+13;0
2484720;1,12E+13;0
2484720;2,39E+13;0
2484720;2,11E+13;0
2484720;3,12E+13;0
2484720;1,76E+13;1
720320;1,89E+13;1
2493120;9,13E+12;0
2493120;3,46E+13;0
2493120;2,16E+13;0
2493120;3,61E+13;0
2493120;1,23E+12;0
2493120;1,75E+13;1
2502920;1,79E+13;1
2504720;4,46E+12;1
2506520;5,91E+12;1
2506620;1,11E+13;1
2524820;5,88E+12;1
2525020;1,11E+13;1
2533020;8,77E+12;1
2533420;7,86E+12;0
2533420;1,50E+13;0
2533420;2,52E+13;0
2533420;2,78E+13;1
2533520;1,76E+13;1
2536320;1,34E+13;0
2536320;2,03E+13;0
2536320;1,86E+13;1
2543220;2,99E+13;0
2543220;3,27E+13;0
2543220;5,88E+12;0
2543220;3,07E+13;0
2543220;3,60E+13;0
2543220;1,74E+13;0
2543220;2,44E+13;0
2543220;1,75E+13;0
2543220;2,77E+13;1
744820;2,19E+13;0
744820;7,61E+12;0
744820;2,99E+13;0
744820;2,30E+13;0
744820;3,12E+13;0
744820;1,95E+13;0
744820;5,45E+12;0
744820;3,39E+13;1
2548720;2,03E+13;0
2548720;7,86E+12;0
2548720;2,78E+13;1
2549120;2,52E+13;1
2549520;1,93E+13;0
2549520;8,77E+12;0
2549520;4,09E+13;0
2549520;7,01E+13;1
2554120;1,75E+13;0
2554120;6,45E+11;1
2558720;2,62E+13;1
2563520;5,91E+12;1
2563720;2,68E+13;1
2563720;1,89E+13;1
2563720;8,65E+12;1
2567220;3,38E+13;0
2567220;3,27E+13;0
2567220;1,21E+13;0
2567220;1,09E+12;0
2567220;5,88E+12;0
2567220;3,16E+13;0
2567220;3,25E+13;0
2567220;1,23E+12;0
2567220;1,89E+13;1
2567420;1,35E+13;1
2568720;1,39E+13;1
2574020;1,58E+13;1
2574920;1,07E+13;0
2574920;9,58E+12;0
2574920;1,50E+13;0
2574920;8,58E+12;1
756920;1,86E+13;0
756920;2,79E+13;0
756920;1,34E+13;0
756920;1,38E+13;0
756920;9,05E+12;1
2578920;2,77E+13;0
2578920;5,88E+12;0
2578920;3,38E+13;1
2581120;2,75E+13;1
2581620;2,99E+13;0
2581620;2,51E+13;0
2581620;7,24E+12;1
2584820;2,28E+13;0
2584820;1,82E+13;0
2584820;1,06E+13;1
2595320;3,02E+13;1
2608020;1,03E+13;0
2608020;1,35E+13;0
2608020;9,05E+12;1
2609120;3,11E+13;1
2610820;1,06E+13;1
2610920;1,74E+13;0
2610920;4,44E+12;0
2610920;5,88E+12;0
2610920;2,71E+13;0
2610920;1,03E+13;0
2610920;3,37E+13;1
2611020;7,56E+12;1
2619620;1,55E+13;1
2619620;7,21E+12;1
2619620;3,89E+12;1
774020;1,93E+13;0
774020;9,76E+11;0
774020;1,36E+13;0
774020;1,54E+13;0
774020;7,01E+13;0
774020;4,09E+13;1
774720;7,01E+13;0
774720;4,12E+13;0
774720;1,09E+13;0
774720;9,76E+11;0
774720;9,22E+12;0
774720;4,75E+12;0
774720;1,40E+13;0
774720;9,05E+12;0
774720;1,67E+13;1
2624320;3,61E+13;1
775020;7,01E+13;0
775020;9,05E+12;0
775020;1,07E+13;0
775020;1,54E+13;0
775020;1,93E+13;1
2624620;5,94E+12;0
2624620;1,74E+13;1
775520;4,27E+12;1
2629920;3,39E+13;1
2633820;3,06E+13;0
2633820;3,40E+12;1
780020;2,98E+13;1
780020;2,29E+13;1
780020;2,96E+13;1
2638420;2,29E+13;1
2640720;5,94E+12;0
2640720;1,74E+13;1
2645920;1,94E+13;1
2649920;3,12E+13;1
2650320;2,75E+13;1
2652220;3,16E+13;1
794620;1,67E+13;0
794620;5,11E+12;0
794620;7,11E+12;1
801020;1,36E+13;1
2666920;1,38E+13;0
2666920;1,41E+13;0
2666920;7,91E+12;1
2669020;1,07E+13;0
2669020;3,30E+13;0
2669020;2,56E+12;0
2669020;9,58E+12;0
2669020;8,58E+12;1
2670920;2,68E+13;0
2670920;1,76E+13;0
2670920;2,24E+13;1
803920;2,07E+12;1
2672620;3,11E+13;1
2673320;2,98E+13;1
2674920;9,05E+12;1
2684420;1,38E+13;1
2685920;2,75E+13;1
2689620;2,19E+13;0
2689620;2,39E+13;1
2689820;8,98E+12;1
2700620;1,80E+13;1
2701820;3,07E+13;1
2707320;2,71E+13;0
2707320;1,42E+13;1
2711020;9,34E+12;1
2711420;3,08E+13;1
2718520;2,91E+13;1
2719020;2,19E+13;1
2720720;2,29E+12;1
2722020;3,61E+13;1
827420;4,56E+12;1
2722520;3,06E+13;0
2722520;1,44E+13;1
2725920;1,86E+13;1
2726120;2,18E+13;1
2741120;1,36E+13;0
2741120;1,06E+13;1
2746020;2,19E+13;1
2756520;1,74E+13;1
2771820;2,95E+13;0
2771820;2,26E+13;1
2780120;3,60E+13;1
2783520;1,43E+13;0
2783520;2,68E+13;0
2783520;3,02E+13;1
2788420;7,59E+12;1
2788620;1,76E+13;1
2789920;1,76E+13;1
2794320;9,34E+12;1
2795220;2,73E+13;0
2795220;1,89E+13;1
2795520;3,28E+13;1
2795720;1,94E+13;0
2795720;3,50E+13;0
2795720;1,96E+13;0
2795720;5,94E+12;1
2799020;2,19E+13;1
2799320;2,19E+13;1
2800920;3,07E+13;1
892120;2,12E+13;0
892120;1,76E+13;0
892120;2,19E+13;0
892120;1,52E+13;0
892120;2,29E+13;0
892120;2,44E+13;0
892120;2,99E+13;0
892120;3,27E+13;0
892120;2,87E+13;0
892120;9,34E+12;1
2852620;1,81E+13;0
2852620;1,79E+13;1
2853320;1,56E+13;0
2853320;3,61E+13;1
2865520;2,19E+13;1
2879420;2,95E+13;1
2880520;3,60E+13;1
2885320;1,43E+13;1
2895320;2,71E+13;1
2903420;2,95E+13;1
2909820;5,91E+12;1
2910020;1,94E+13;0
2910020;1,22E+13;0
2910020;5,91E+12;1
2915420;5,88E+12;1
926220;4,44E+12;1
927420;7,61E+12;0
927420;2,18E+13;0
927420;1,74E+13;0
927420;2,68E+13;0
927420;1,12E+13;0
927420;1,52E+13;0
927420;1,76E+13;0
927420;1,86E+13;1
2921920;2,46E+13;1
2922020;2,46E+13;1
2922220;2,68E+13;1
2929220;7,59E+12;1
2929320;7,59E+12;1
2931020;1,94E+13;1
2932020;1,94E+13;1
2934920;1,76E+13;1
2936020;5,82E+12;0
2936020;2,81E+13;0
2936020;2,44E+13;0
2936020;2,00E+13;0
2936020;3,56E+13;1
2940620;2,68E+13;0
2940620;3,34E+12;0
2940620;2,51E+13;1
2959820;1,99E+11;1
2960020;1,99E+11;1
2964020;1,29E+13;0
2964020;8,06E+12;1
2971920;1,57E+13;1
937820;2,65E+13;0
937820;1,43E+13;0
937820;1,94E+13;0
937820;2,29E+13;0
937820;1,85E+13;0
937820;1,23E+12;0
937820;1,50E+13;0
937820;1,89E+13;1
2982020;2,65E+13;0
2982020;2,16E+13;0
2982020;2,36E+13;0
2982020;1,74E+13;0
2982020;3,61E+13;1
2984420;2,36E+13;0
2984420;2,65E+13;0
2984420;3,61E+13;0
2984420;1,74E+13;0
2984420;2,16E+13;1
2985820;3,61E+13;1
2986520;2,16E+13;0
2986520;1,29E+13;1
2987320;1,81E+13;1
2988620;2,99E+13;1
939720;2,43E+13;0
939720;2,78E+13;1
2990520;1,67E+13;0
2990520;2,71E+13;1
2995820;2,67E+13;1
2996820;5,88E+12;1
943020;5,05E+12;1
943620;9,08E+12;1
945120;3,50E+13;0
945120;2,19E+13;0
945120;2,02E+13;1
3007920;4,06E+12;1
3027020;2,81E+13;1
950220;1,03E+13;1
3043020;7,94E+12;1
3046220;8,69E+12;0
3046220;3,14E+13;0
3046220;5,94E+12;0
3046220;1,74E+13;0
3046220;2,68E+13;0
3046220;1,52E+13;0
3046220;1,86E+13;0
3046220;1,12E+13;0
3046220;1,38E+13;1
3047020;1,76E+13;0
3047020;2,75E+13;0
3047020;3,14E+13;0
3047020;1,52E+13;0
3047020;2,68E+13;0
3047020;1,74E+13;0
3047020;2,68E+13;0
3047020;5,94E+12;0
3047020;1,86E+13;0
3047020;1,38E+13;0
3047020;1,12E+13;0
3047020;8,69E+12;1
3049020;3,27E+13;1
3060320;2,68E+13;0
3060320;3,50E+13;0
3060320;2,24E+13;0
3060320;1,76E+13;0
3060320;1,76E+13;0
3060320;3,35E+13;1
3072520;3,34E+13;1
3073820;3,08E+13;0
3073820;2,68E+13;1
960520;2,91E+13;1
3083020;1,93E+13;0
3083020;1,50E+13;0
3083020;1,80E+13;1
3102220;2,51E+13;0
3102220;2,68E+13;1
965720;3,81E+12;1
965720;2,91E+13;1
965720;3,28E+13;1
965720;2,60E+12;1
965720;1,98E+13;1
965720;5,82E+12;1
965720;2,34E+12;1
3103820;1,50E+13;1
3104620;1,50E+13;1
967820;1,52E+13;0
967820;1,25E+13;0
967820;2,79E+13;0
967820;1,05E+13;0
967820;1,86E+13;0
967820;7,61E+12;0
967820;1,21E+13;0
967820;7,01E+13;0
967820;2,09E+13;1
3115420;7,16E+12;1
3119120;1,17E+13;1
3120320;2,68E+13;1
3122720;2,39E+13;1
976820;3,26E+12;1
3143820;1,74E+13;1
3146620;3,52E+13;1
3156320;2,75E+12;0
3156320;3,50E+13;0
3156320;3,02E+13;1
3163620;5,88E+12;1
3167320;5,88E+12;0
3167320;7,75E+12;0
3167320;2,46E+13;0
3167320;3,27E+13;0
3167320;3,07E+13;1
979620;3,50E+13;1
3179720;2,75E+13;0
3179720;9,34E+12;1
3180820;3,11E+13;1
3182120;1,06E+13;1
3182220;1,06E+13;1
3182420;2,99E+13;0
3182420;2,46E+13;0
3182420;1,21E+13;1
981420;2,44E+13;0
981420;1,11E+13;0
981420;2,71E+13;0
981420;1,78E+13;0
981420;1,94E+13;0
981420;9,33E+12;0
981420;4,44E+12;0
981420;1,03E+13;1
3182720;2,99E+13;1
3183120;2,36E+13;0
3183120;2,69E+13;0
3183120;2,09E+13;0
3183120;1,23E+13;1
3183920;2,36E+13;1
3200520;7,75E+12;0
3200520;1,76E+13;0
3200520;1,43E+13;0
3200520;2,46E+13;0
3200520;4,46E+12;1
3210120;2,25E+13;1
3237620;2,98E+13;0
3237620;2,71E+13;1
3242520;2,68E+13;1
3281220;1,58E+13;1
3284320;1,09E+13;0
3284320;2,65E+13;0
3284320;1,12E+13;1
3284320;3,14E+13;1
3285620;1,76E+13;0
3285620;1,93E+13;0
3285620;2,67E+13;0
3285620;2,65E+13;0
3285620;1,74E+13;1
3295220;1,57E+13;1
3306520;1,81E+13;1
3307320;3,10E+13;0
3307320;2,26E+13;1
3308120;1,95E+13;0
3308120;2,89E+13;0
3308120;2,26E+13;1
3316720;1,76E+13;0
3316720;1,12E+13;0
3316720;2,75E+12;0
3316720;2,03E+13;0
3316720;2,66E+13;0
3316720;2,68E+13;1
3317720;3,52E+13;1
3317820;1,48E+13;1
3317920;5,44E+12;1
3318020;5,44E+12;1
3318720;5,94E+12;0
3318720;1,52E+13;0
3318720;9,34E+12;0
3318720;1,94E+13;1
3319220;1,42E+13;0
3319220;7,75E+12;0
3319220;2,97E+13;1
3330220;1,76E+13;0
3330220;2,51E+13;0
3330220;2,46E+13;0
3330220;7,54E+12;0
3330220;2,52E+13;0
3330220;3,24E+13;1
3336720;7,75E+12;0
3336720;8,44E+12;0
3336720;3,56E+13;0
3336720;2,99E+13;1
3347020;2,95E+13;0
3347020;2,19E+13;0
3347020;3,50E+13;0
3347020;2,02E+13;1
3347120;3,12E+13;1
1017220;2,29E+13;1
1017220;3,54E+13;1
3368820;9,60E+12;1
3368820;9,35E+12;1
3368920;2,89E+13;1
3379320;2,68E+13;0
3379320;2,31E+13;0
3379320;3,47E+13;0
3379320;1,94E+13;1
3384520;3,44E+12;1
3387320;1,50E+13;0
3387320;1,10E+13;0
3387320;2,52E+13;1
3387720;1,72E+13;1
3388720;1,73E+13;0
3388720;4,32E+12;0
3388720;4,33E+12;0
3388720;3,26E+12;0
3388720;1,93E+13;1
3395420;7,75E+12;0
3395420;3,38E+13;0
3395420;2,97E+13;0
3395420;1,89E+13;1
3400920;1,99E+11;1
3401120;5,94E+12;1
3401620;1,76E+13;0
3401620;3,19E+13;0
3401620;3,01E+13;1
3404020;1,09E+13;1
3404020;6,33E+12;1
3417020;2,12E+13;1
3420320;2,26E+12;1
3420520;2,11E+13;1
3420720;2,11E+13;1
3424920;3,50E+12;1
3425720;1,93E+13;1
3426620;1,56E+13;0
3426620;7,87E+12;0
3426620;1,12E+13;1
3438420;1,75E+13;1
3438820;3,35E+13;1
3451720;2,68E+13;1
3453120;7,87E+12;0
3453120;8,35E+12;0
3453120;1,56E+13;1
3457120;3,50E+13;0
3457120;1,09E+13;0
3457120;2,49E+13;0
3457120;2,09E+13;1
3457220;1,08E+12;1
3457320;7,87E+12;0
3457320;8,35E+12;1
1056620;1,47E+13;1
1057920;2,02E+13;1
3466520;3,03E+13;0
3466520;3,07E+13;0
3466520;2,26E+13;1
3470120;3,27E+13;1
3478020;1,76E+13;1
3480420;3,30E+13;0
3480420;2,97E+13;0
3480420;3,25E+13;1
3481820;3,10E+13;0
3481820;3,50E+13;0
3481820;1,99E+13;0
3481820;5,88E+12;0
3481820;1,76E+13;0
3481820;2,19E+13;1
3497720;6,95E+12;1
3524620;3,30E+13;0
3524620;2,95E+13;0
3524620;3,10E+13;0
3524620;2,19E+13;1
3539020;5,94E+12;1
3545020;2,99E+13;1
3561520;2,27E+13;1
3561720;5,83E+12;1
3569120;1,08E+12;1
3569820;1,08E+12;1
3570320;3,26E+12;0
3570320;1,08E+12;1
3572020;3,54E+13;1
3572020;3,72E+13;1
3572020;2,94E+13;1
3577220;1,41E+13;1
3582420;9,50E+12;0
3582420;7,80E+12;1
3597620;3,37E+13;0
3597620;2,98E+13;0
3597620;3,26E+13;0
3597620;3,48E+13;0
3597620;1,06E+13;1
3598020;2,98E+13;0
3598020;3,37E+13;0
3598020;3,16E+13;0
3598020;3,48E+13;0
3598020;9,34E+12;0
3598020;3,26E+13;0
3598020;1,06E+13;1
3599020;3,26E+13;0
3599020;3,48E+13;0
3599020;3,37E+13;0
3599020;3,16E+13;0
3599020;2,98E+13;0
3599020;1,06E+13;1
3599220;2,87E+13;1
3599920;3,48E+13;0
3599920;2,98E+13;0
3599920;3,26E+13;0
3599920;3,37E+13;0
3599920;3,16E+13;0
3599920;1,06E+13;1
3605920;5,13E+12;1
3606120;2,71E+13;1
3608120;2,37E+13;0
3608120;2,83E+13;0
3608120;4,33E+12;0
3608120;1,05E+13;0
3608120;1,74E+13;0
3608120;2,25E+13;0
3608120;2,10E+13;1
3624720;1,73E+13;1
3624920;1,07E+13;0
3624920;1,50E+13;0
3624920;2,71E+13;0
3624920;5,88E+12;0
3624920;2,71E+13;0
3624920;3,02E+13;0
3624920;2,46E+13;0
3624920;2,40E+13;1
3625020;7,16E+12;1
3625220;7,16E+12;1
3626020;7,16E+12;1
3626120;2,09E+13;1
1091820;1,94E+13;1
3636520;1,57E+13;0
3636520;2,43E+13;1
1092620;3,50E+13;0
1092620;2,02E+13;1
3646520;3,23E+12;1
3655820;2,75E+13;1
1100020;7,61E+12;1
3688220;1,10E+13;1
3689620;2,72E+13;1
1108020;5,88E+12;1
3719520;2,03E+13;1
3733820;2,68E+13;0
3733820;1,75E+13;0
3733820;2,30E+13;1
3733820;2,09E+13;1
3735420;3,63E+12;1
3753020;1,06E+13;1
3753720;1,25E+13;1
3753920;2,43E+13;1
3755820;3,26E+13;1
3756120;3,26E+13;0
3756120;2,81E+13;0
3756120;2,23E+13;1
3756220;3,35E+13;1
3757620;2,36E+13;0
3757620;7,53E+12;1
3762220;2,98E+13;1
3763620;1,06E+13;1
3763620;8,52E+12;1
3765220;2,24E+13;1
1119720;7,75E+12;0
1119720;1,21E+13;1
3779920;2,69E+13;0
3779920;9,13E+12;1
3781220;3,43E+13;0
3781220;5,88E+12;0
3781220;2,91E+13;0
3781220;7,75E+12;0
3781220;1,09E+13;0
3781220;3,25E+13;0
3781220;2,09E+13;1
3790720;7,94E+12;1
3790720;9,21E+12;1
3790720;2,87E+13;1
3790720;6,95E+12;1
3790720;8,16E+12;1
3794620;3,38E+13;1
3796120;4,32E+12;1
3800720;1,07E+13;1
3802520;2,68E+13;0
3802520;1,12E+13;0
3802520;3,62E+13;0
3802520;5,45E+12;0
3802520;7,75E+12;0
3802520;3,50E+13;0
3802520;3,39E+13;1
3807220;1,80E+13;1
3813920;2,49E+13;1
3833420;1,58E+13;1
3833520;1,10E+13;1
3833720;1,50E+13;1
3834420;1,25E+13;1
3835720;2,98E+13;1
3835720;1,76E+13;1
3854620;3,68E+13;1
3859920;3,14E+13;1
3863520;1,03E+13;1
3863820;1,03E+13;1
3865120;3,07E+13;0
3865120;2,70E+13;0
3865120;3,27E+13;1
3866820;3,27E+13;1
3872020;8,98E+12;1
3886020;1,06E+13;1
3886420;1,17E+13;1
3886720;2,46E+13;0
3886720;2,51E+13;0
3886720;8,40E+12;0
3886720;2,68E+13;0
3886720;2,02E+13;0
3886720;2,40E+13;1
1141520;7,01E+13;0
1141520;9,05E+12;0
1141520;3,59E+12;0
1141520;3,26E+12;1
1142420;9,16E+12;1
3900420;5,88E+12;1
3905920;1,50E+13;0
3905920;3,26E+12;0
3905920;3,26E+13;1
3908820;8,77E+12;0
3908820;1,07E+13;1
3909720;7,01E+13;0
3909720;6,08E+12;0
3909720;2,86E+12;0
3909720;4,09E+13;0
3909720;1,56E+12;1
3910020;2,19E+13;0
3910020;3,10E+13;0
3910020;1,09E+13;0
3910020;1,99E+13;1
3914820;2,49E+13;1
3918920;2,40E+12;1
3919020;2,16E+13;1
3919020;8,16E+12;1
3919020;7,19E+12;1
3920720;2,34E+13;1
3926020;3,12E+13;1
3927020;1,58E+13;1
3927320;1,73E+13;1
3927520;1,73E+13;1
3928120;1,29E+13;1
3938420;2,68E+13;1
3938420;1,43E+13;1
3940520;3,02E+13;0
3940520;7,54E+12;0
3940520;2,51E+13;0
3940520;9,33E+12;0
3940520;2,68E+13;1
3944520;1,74E+13;1
3946520;5,88E+12;0
3946520;2,98E+13;0
3946520;3,02E+13;0
3946520;1,81E+13;1
3947020;1,17E+13;1
3953720;3,07E+13;1
3956420;1,94E+13;1
3956520;3,07E+13;1
3960220;1,74E+13;1
3962220;7,19E+12;1
3962220;8,16E+12;1
3962220;9,63E+12;1
3962220;2,16E+13;1
3964220;7,26E+12;1
3971320;9,34E+12;1
3976220;2,29E+13;1
3976220;8,16E+12;1
3976220;2,94E+13;1
3976220;6,35E+13;1
3976720;2,36E+13;0
3976720;2,77E+13;0
3976720;3,16E+13;0
3976720;1,89E+13;0
3976720;1,74E+13;0
3976720;5,88E+12;0
3976720;9,13E+12;1
3982820;3,61E+13;1
3989520;2,30E+13;0
3989520;5,94E+12;0
3989520;3,14E+13;0
3989520;2,03E+13;0
3989520;7,61E+12;0
3989520;2,68E+13;0
3989520;1,86E+13;0
3989520;1,76E+13;0
3989520;1,94E+13;1
4010920;1,56E+13;1
4014020;2,71E+13;0
4014020;2,51E+13;1
4025020;1,21E+13;1
1181620;3,23E+12;0
1181620;1,09E+13;1
4031420;2,47E+13;0
4031420;2,99E+13;0
4031420;3,61E+13;0
4031420;1,24E+13;0
4031420;3,27E+13;0
4031420;1,56E+13;1
4054220;3,55E+13;0
4054220;1,23E+13;0
4054220;1,95E+13;0
4054220;2,78E+13;0
4054220;1,50E+13;1
4055120;1,50E+13;0
4055120;7,75E+12;0
4055120;2,81E+13;1
4059720;7,91E+12;0
4059720;2,77E+13;0
4059720;4,33E+12;0
4059720;1,67E+13;1
1195420;1,94E+13;0
1195420;1,23E+13;1
4065720;3,11E+13;1
4065920;1,76E+13;1
4068120;3,39E+13;1
4075620;3,02E+13;0
4075620;3,47E+13;0
4075620;1,10E+13;1
1206620;1,08E+12;0
1206620;9,32E+12;1
1208020;1,94E+13;1
4092920;1,12E+13;0
4092920;1,57E+13;1
4096820;1,09E+13;0
4096820;1,74E+13;1
1209920;7,16E+12;1
1210120;3,06E+13;0
1210120;3,40E+12;1
4103620;1,11E+13;1
1211320;3,19E+13;1
4112320;2,99E+13;0
4112320;3,70E+13;0
4112320;3,11E+13;0
4112320;5,45E+12;0
4112320;3,37E+13;0
4112320;1,24E+13;0
4112320;3,27E+13;0
4112320;3,60E+13;0
4112320;2,09E+13;1
4112420;3,70E+13;0
4112420;5,45E+12;0
4112420;2,99E+13;0
4112420;3,37E+13;0
4112420;3,11E+13;0
4112420;3,60E+13;0
4112420;2,09E+13;0
4112420;3,50E+13;0
4112420;2,91E+13;1
1211920;2,53E+13;1
4142220;2,11E+13;0
4142220;1,76E+13;0
4142220;3,50E+13;1
4159120;2,43E+13;0
4159120;2,66E+13;0
4159120;1,05E+13;0
4159120;2,52E+13;1
4169520;1,09E+13;0
4169520;1,52E+13;0
4169520;2,95E+13;0
4169520;1,86E+13;0
4169520;1,76E+13;0
4169520;3,56E+13;0
4169520;1,34E+13;0
4169520;1,99E+13;0
4169520;3,62E+13;0
4169520;2,09E+13;1
4170620;7,82E+12;1
4176220;8,71E+12;0
4176220;3,41E+13;0
4176220;1,78E+13;0
4176220;3,37E+13;0
4176220;2,00E+13;0
4176220;1,82E+13;0
4176220;3,38E+13;0
4176220;1,93E+13;0
4176220;1,56E+13;0
4176220;2,99E+13;0
4176220;1,24E+13;0
4176220;1,54E+13;0
4176220;8,60E+12;0
4176220;1,75E+13;1
4180920;2,91E+13;0
4180920;1,21E+13;0
4180920;2,98E+13;0
4180920;2,36E+13;1
4180920;3,61E+13;1
4184120;6,35E+13;1
4192320;3,19E+13;0
4192320;2,98E+13;0
4192320;2,39E+13;0
4192320;1,12E+13;0
4192320;2,09E+13;0
4192320;3,39E+13;0
4192320;1,76E+13;1
4192420;1,12E+13;0
4192420;2,09E+13;0
4192420;2,39E+13;0
4192420;2,98E+13;0
4192420;3,19E+13;0
4192420;3,39E+13;0
4192420;1,76E+13;1
4224120;2,78E+13;0
4224120;2,46E+13;0
4224120;8,32E+12;0
4224120;3,16E+13;0
4224120;1,05E+13;0
4224120;1,21E+13;1
4224320;2,46E+13;0
4224320;3,16E+13;0
4224320;2,52E+13;0
4224320;1,21E+13;0
4224320;2,78E+13;1
4225120;1,74E+13;1
4225520;7,59E+12;1
4226820;2,36E+13;1
4233120;5,94E+12;0
4233120;1,76E+13;0
4233120;2,68E+13;0
4233120;3,14E+13;0
4233120;2,03E+13;0
4233120;1,74E+13;0
4233120;1,86E+13;0
4233120;7,61E+12;0
4233120;2,30E+13;0
4233120;1,52E+13;1
4234620;2,43E+13;1
4235820;3,14E+13;0
4235820;3,03E+13;0
4235820;1,75E+13;0
4235820;2,30E+13;0
4235820;2,75E+13;0
4235820;2,03E+13;0
4235820;7,61E+12;0
4235820;2,68E+13;0
4235820;1,12E+13;0
4235820;1,52E+13;1
4239820;1,78E+13;0
4239820;2,98E+13;0
4239820;4,33E+12;0
4239820;3,35E+13;0
4239820;1,21E+13;0
4239820;3,61E+13;1
4245920;1,12E+13;0
4245920;2,02E+13;1
4253420;2,46E+13;1
4264620;2,02E+13;1
4265820;2,68E+13;0
4265820;2,19E+13;0
4265820;1,76E+13;0
4265820;2,25E+13;1
4269920;9,33E+12;0
4269920;1,07E+13;0
4269920;2,51E+13;0
4269920;3,37E+13;0
4269920;2,71E+13;0
4269920;2,56E+12;0
4269920;3,02E+13;0
4269920;2,40E+13;1
4270420;2,56E+12;0
4270420;1,71E+13;0
4270420;8,40E+12;0
4270420;2,51E+13;0
4270420;3,37E+13;1
4270820;2,51E+13;0
4270820;9,33E+12;0
4270820;1,07E+13;0
4270820;3,37E+13;1
4273820;3,16E+13;0
4273820;2,78E+13;0
4273820;3,16E+13;0
4273820;2,86E+13;1
4274020;2,75E+13;1
4274320;2,87E+13;1
4274320;1,81E+13;1
4274320;2,91E+12;1
4274320;9,21E+12;1
4275620;2,09E+13;0
4275620;3,07E+13;1
1238320;1,21E+13;1
1239120;2,52E+13;1
4325720;1,86E+13;0
4325720;1,12E+13;0
4325720;3,56E+13;0
4325720;1,41E+13;1
4329120;1,47E+13;0
4329120;2,52E+13;0
4329120;8,58E+12;0
4329120;3,20E+12;1
4341320;1,94E+13;1
4352320;3,47E+13;1
4358420;1,09E+12;1
1247620;2,29E+13;0
1247620;1,88E+13;0
1247620;1,85E+13;0
1247620;1,94E+13;0
1247620;2,49E+13;0
1247620;1,07E+13;0
1247620;2,86E+13;1
4367720;3,37E+12;0
4367720;1,12E+13;1
1248020;9,32E+12;0
1248020;5,05E+12;1
4371320;2,52E+13;0
4371320;2,86E+13;0
4371320;3,16E+13;0
4371320;2,49E+13;1
4375220;2,35E+12;0
4375220;3,12E+13;0
4375220;2,43E+13;0
4375220;2,78E+13;0
4375220;2,52E+13;1
4375620;1,57E+13;1
4383820;2,81E+13;1
4383920;2,81E+13;1
4384520;1,50E+13;0
4384520;3,38E+13;1
4385320;1,21E+13;0
4385320;2,52E+13;1
4385420;1,21E+13;0
4385420;2,78E+13;0
4385420;2,35E+12;0
4385420;2,43E+13;0
4385420;8,32E+12;0
4385420;2,52E+13;1
4400720;2,09E+13;0
4400720;3,61E+13;0
4400720;7,53E+12;0
4400720;3,07E+13;1
4402020;9,40E+12;0
4402020;2,32E+13;1
4406620;7,59E+12;1
4410320;3,07E+13;0
4410320;1,56E+13;0
4410320;3,61E+13;0
4410320;3,06E+13;1
4413220;8,06E+12;1
4415620;1,42E+13;1
1265220;4,88E+12;0
1265220;1,88E+13;0
1265220;2,75E+13;0
1265220;1,85E+13;0
1265220;1,89E+13;0
1265220;1,36E+13;0
1265220;1,74E+13;1
4439220;1,12E+13;1
4446520;4,96E+12;0
4446520;1,41E+13;0
4446520;2,46E+13;0
4446520;2,36E+13;0
4446520;1,50E+13;0
4446520;2,98E+13;0
4446520;3,47E+13;0
4446520;1,21E+13;1
4452420;8,58E+12;1
4453720;1,21E+13;1
1271220;3,35E+13;1
